query_id	image_path
q-000001	a-gordienko-m-nikolaev-pino-nuar-krasnoe-suhoe-135/01_manual.jpg
q-000002	a-gordienko-m-nikolaev-pino-nuar-krasnoe-suhoe-135/02_manual.jpg
q-000003	a-gordienko-m-nikolaev-sira-nuvo-krasnoe-suhoe-115/01_manual.jpg
q-000004	a-gordienko-m-nikolaev-sira-nuvo-krasnoe-suhoe-115/02_manual.jpg
q-000005	abrau-dyurso-abrau-durso-brut-rose-reserve-pino-nuar-beloe-bryut-12/01_conf095.jpg
q-000006	abrau-dyurso-abrau-durso-brut-rose-reserve-pino-nuar-beloe-bryut-12/02_conf095.jpg
q-000007	abrau-dyurso-abrau-durso-reserve-brut-shardone-beloe-bryut-115/01_conf095.jpg
q-000008	abrau-dyurso-abrau-durso-reserve-brut-shardone-beloe-bryut-115/02_conf095.jpg
q-000009	abrau-dyurso-abrau-durso-reserve-brut-shardone-beloe-bryut-115/03_conf095.jpg
q-000010	abrau-dyurso-abrau-durso-reserve-brut-shardone-beloe-bryut-115/04_conf095.jpg
q-000011	abrau-dyurso-abrau-durso-reserve-brut-shardone-beloe-bryut-115/05_conf095.jpg
q-000012	abrau-dyurso-abrau-dyurso-pino-nuar-krasnoe-suhoe-13/01_conf095.jpg
q-000013	abrau-dyurso-abrau-dyurso-pino-nuar-krasnoe-suhoe-13/02_conf095.jpg
q-000014	abrau-dyurso-abrau-dyurso-pino-nuar-krasnoe-suhoe-13/03_conf095.jpg
q-000015	abrau-dyurso-abrau-dyurso-pino-nuar-krasnoe-suhoe-13/04_conf095.jpg
q-000016	abrau-dyurso-abrau-estates-amurskiy-potapenko-krasnoe-suhoe-105/01_conf095.jpg
q-000017	abrau-dyurso-abrau-estates-beloe-shardone-suhoe-12/01_conf095.jpg
q-000018	abrau-dyurso-abrau-estates-beloe-shardone-suhoe-12/02_manual.jpg
q-000019	abrau-dyurso-abrau-estates-dostoynyy-krasnoe-suhoe-135/01_conf095.jpg
q-000020	abrau-dyurso-abrau-estates-kaberne-po-belomu-kaberne-sovinon-beloe-suhoe-105/01_manual.jpg
q-000021	abrau-dyurso-abrau-estates-kaberne-po-belomu-kaberne-sovinon-beloe-suhoe-105/02_manual.jpg
q-000022	abrau-dyurso-abrau-estates-krasnoe-kaberne-sovinon-suhoe-13/01_conf095.jpg
q-000023	abrau-dyurso-abrau-estates-krasnoe-kaberne-sovinon-suhoe-13/02_conf095.jpg
q-000024	abrau-dyurso-abrau-estates-oranzh-tsitronnyy-magaracha-oranzhevoe-suhoe-105/01_agent.webp
q-000025	abrau-dyurso-abrau-estates-oranzh-tsitronnyy-magaracha-oranzhevoe-suhoe-105/02_agent.jpg
q-000026	abrau-dyurso-abrau-estates-roze-kaberne-sovinon-rozovoe-suhoe-12/01_agent.jpg
q-000027	abrau-dyurso-abrau-kupazh-krasnyy-polsusladkoe-kaberne-sovinon-krasnoe-polusladkoe-11/01_conf095.jpg
q-000028	abrau-dyurso-abrau-kupazh-krasnyy-polsusladkoe-kaberne-sovinon-krasnoe-polusladkoe-11/01_conf097.jpg
q-000029	abrau-dyurso-abrau-kupazh-krasnyy-polsusladkoe-kaberne-sovinon-krasnoe-polusladkoe-11/02_conf095.jpg
q-000030	abrau-dyurso-abrau-kupazh-krasnyy-polsusladkoe-kaberne-sovinon-krasnoe-polusladkoe-11/03_conf095.jpg
q-000031	abrau-dyurso-abrau-kupazh-krasnyy-polsusladkoe-kaberne-sovinon-krasnoe-polusladkoe-11/04_conf095.jpg
q-000032	abrau-dyurso-abrau-kupazh-svetlyy-suhoe-shardone-beloe-125/01_agent.jpg
q-000033	abrau-dyurso-abrau-kupazh-svetlyy-suhoe-shardone-beloe-125/02_agent.jpg
q-000034	abrau-dyurso-abrau-kupazh-svetlyy-suhoe-shardone-beloe-125/03_manual.webp
q-000035	abrau-dyurso-abrau-kupazh-tyomnyy-suhoe-kaberne-sovinon-krasnoe-13/01_agent.jpg
q-000036	abrau-dyurso-abrau-kupazh-tyomnyy-suhoe-kaberne-sovinon-krasnoe-13/02_manual.jpg
q-000037	abrau-dyurso-abrau-kupazh-tyomnyy-suhoe-kaberne-sovinon-krasnoe-13/03_manual.webp
q-000038	abrau-dyurso-abrau-kupazh-tyomnyy-suhoe-kaberne-sovinon-krasnoe-13/04_manual.webp
q-000039	abrau-dyurso-abrau-kupazh-tyomnyy-suhoe-kaberne-sovinon-krasnoe-13/05_manual.webp
q-000040	abrau-dyurso-abrau-kupazh-tyomnyy-suhoe-kaberne-sovinon-krasnoe-13/06_manual.jpg
q-000041	abrau-dyurso-abrau-kupazh-tyomnyy-suhoe-kaberne-sovinon-krasnoe-13/07_manual.jpg
q-000042	abrau-dyurso-abrau-kupazh-tyomnyy-suhoe-kaberne-sovinon-krasnoe-13/08_manual.jpg
q-000043	abrau-dyurso-aleksandr-ii-magnum-shardone-beloe-bryut-125/01_conf095.jpg
q-000044	abrau-dyurso-aleksandr-ii-magnum-shardone-beloe-bryut-125/02_conf092.jpg
q-000045	abrau-dyurso-aleksandr-ii-magnum-shardone-beloe-bryut-125/03_manual.png
q-000046	abrau-dyurso-az-abrau-bayanshira-beloe-suhoe-12/02_manual.jpg
q-000047	abrau-dyurso-az-abrau-bayanshira-beloe-suhoe-12/03_manual.webp
q-000048	abrau-dyurso-az-abrau-bayanshira-beloe-suhoe-12/04_manual.png
q-000049	abrau-dyurso-az-abrau-madrasa-krasnoe-suhoe-14/03_manual.jpg
q-000050	abrau-dyurso-az-abrau-madrasa-krasnoe-suhoe-14/04_manual.jpg
q-000051	abrau-dyurso-brut-dor-blanc-de-blancs-shardone-beloe-bryut-12/01_conf095.jpg
q-000052	abrau-dyurso-brut-dor-blanc-de-blancs-shardone-beloe-bryut-12/01_conf095_moved2.jpg
q-000053	abrau-dyurso-brut-dor-blanc-de-blancs-shardone-beloe-bryut-12/02_conf095.jpg
q-000054	abrau-dyurso-brut-dor-blanc-de-blancs-shardone-beloe-bryut-12/03_conf095.jpg
q-000055	abrau-dyurso-brut-dor-blanc-de-blancs-shardone-beloe-bryut-12/04_manual.webp
q-000056	abrau-dyurso-brut-dor-blanc-de-blancs-shardone-beloe-bryut-125/01_conf095.jpg
q-000057	abrau-dyurso-brut-dor-blanc-de-blancs-shardone-beloe-bryut-125/02_conf095.jpg
q-000058	abrau-dyurso-brut-dor-blanc-de-blancs-shardone-beloe-bryut-125/03_conf095.jpg
q-000059	abrau-dyurso-brut-dor-blanc-de-blancs-shardone-beloe-bryut-125/04_conf095.jpg
q-000060	abrau-dyurso-brut-dor-blanc-de-noirs-pino-nuar-beloe-bryut-115/01_agent.jpg
q-000061	abrau-dyurso-brut-dor-blanc-de-noirs-pino-nuar-beloe-bryut-115/02_manual.webp
q-000062	abrau-dyurso-brut-dor-blanc-de-noirs-pino-nuar-beloe-bryut-115/03_manual.webp
q-000063	abrau-dyurso-brut-dor-blanc-de-noirs-pino-nuar-beloe-bryut-115/04_manual.webp
q-000064	abrau-dyurso-brut-dor-blanc-de-noirs-pino-nuar-beloe-bryut-115/05_manual.webp
q-000065	abrau-dyurso-brut-dor-blanc-de-noirs-pino-nuar-beloe-bryut-115/06_manual.webp
q-000066	abrau-dyurso-brut-dor-blanc-de-noirs-pino-nuar-beloe-bryut-125/01_conf095.jpg
q-000067	abrau-dyurso-brut-dor-blanc-de-noirs-pino-nuar-beloe-bryut-125/02_conf095.jpg
q-000068	abrau-dyurso-brut-dor-blanc-de-noirs-pino-nuar-beloe-bryut-125/03_conf095.jpg
q-000069	abrau-dyurso-brut-dor-blanc-de-noirs-pino-nuar-beloe-bryut-125/04_agent.jpg
q-000070	abrau-dyurso-brut-dor-blanc-de-noirs-pino-nuar-beloe-bryut-125/05_agent.jpg
q-000071	abrau-dyurso-brut-dor-blanc-de-noirs-pino-nuar-beloe-bryut-125/06_agent.jpg
q-000072	abrau-dyurso-brut-dor-blanc-de-noirs-pino-nuar-beloe-bryut-125/06_manual.webp
q-000073	abrau-dyurso-brut-dor-riesling-risling-beloe-bryut-12/01_conf095.jpg
q-000074	abrau-dyurso-brut-dor-riesling-risling-beloe-bryut-12/02_agent.jpg
q-000075	abrau-dyurso-brut-dor-riesling-risling-beloe-bryut-12/03_agent.jpg
q-000076	abrau-dyurso-brut-dor-riesling-risling-beloe-bryut-12/04_manual.webp
q-000077	abrau-dyurso-brut-dor-riesling-risling-beloe-bryut-12/05_manual.webp
q-000078	abrau-dyurso-brut-dor-riesling-risling-beloe-bryut-12/06_manual.webp
q-000079	abrau-dyurso-brut-dor-rose-pino-nuar-rozovoe-bryut-12/01_conf095.jpg
q-000080	abrau-dyurso-brut-dor-rose-pino-nuar-rozovoe-bryut-12/02_manual.webp
q-000081	abrau-dyurso-brut-dor-rose-pino-nuar-rozovoe-bryut-12/03_manual.webp
q-000082	abrau-dyurso-brut-dor-rose-pino-nuar-rozovoe-bryut-12/04_manual.webp
q-000083	abrau-dyurso-femme-dabrau-amurskiy-potapenko-krasnoe-suhoe-107/01_agent.webp
q-000084	abrau-dyurso-fizz-beloe-bryut/01_agent.png
q-000085	abrau-dyurso-fizz-beloe-bryut/02_agent.webp
q-000086	abrau-dyurso-fizz-beloe-polusladkoe/01_conf095.jpg
q-000087	abrau-dyurso-fizz-beloe-polusladkoe/02_agent.jpg
q-000088	abrau-dyurso-fizz-beloe-polusladkoe/03_agent.jpg
q-000089	abrau-dyurso-imperatorskoe-bryut-shardone-beloe-12/01_conf095.jpg
q-000090	abrau-dyurso-imperatorskoe-bryut-shardone-beloe-12/04_manual.png
q-000091	abrau-dyurso-imperatorskoe-bryut-shardone-beloe-12/05_manual.jpg
q-000092	abrau-dyurso-imperatorskoe-polusladkoe-shardone-beloe-12/01_conf095.jpg
q-000093	abrau-dyurso-imperatorskoe-polusladkoe-shardone-beloe-12/03_conf095.jpg
q-000094	abrau-dyurso-imperatorskoe-polusladkoe-shardone-beloe-12/04_conf095.jpg
q-000095	abrau-dyurso-imperatorskoe-polusuhoe-shardone-beloe-12/01_conf095.jpg
q-000096	abrau-dyurso-imperatorskoe-polusuhoe-shardone-beloe-12/02_conf095.jpg
q-000097	abrau-dyurso-imperatorskoe-polusuhoe-shardone-beloe-12/03_conf095.jpg
q-000098	abrau-dyurso-imperatorskoe-polusuhoe-shardone-beloe-12/04_conf095.jpg
q-000099	abrau-dyurso-imperatorskoe-polusuhoe-shardone-beloe-12/05_manual.webp
q-000100	abrau-dyurso-imperatorskoe-polusuhoe-shardone-beloe-12/07_manual.webp
q-000101	abrau-dyurso-imperial-brut-lart-nouveau-shardone-beloe-bryut-105/01_conf095.jpg
q-000102	abrau-dyurso-imperial-brut-lart-nouveau-shardone-beloe-bryut-105/02_conf092.jpg
q-000103	abrau-dyurso-imperial-brut-lart-nouveau-shardone-beloe-bryut-105/02_conf095.jpg
q-000104	abrau-dyurso-imperial-brut-lart-nouveau-shardone-beloe-bryut-105/03_conf095.jpg
q-000105	abrau-dyurso-imperial-brut-lart-nouveau-shardone-beloe-bryut-105/04_manual.webp
q-000106	abrau-dyurso-imperial-brut-rose-pino-nuar-rozovoe-bryut-12/01_conf095.jpg
q-000107	abrau-dyurso-imperial-brut-rose-pino-nuar-rozovoe-bryut-12/02_conf095.jpg
q-000108	abrau-dyurso-imperial-brut-rose-pino-nuar-rozovoe-bryut-12/03_conf095.jpg
q-000109	abrau-dyurso-imperial-brut-rose-pino-nuar-rozovoe-bryut-12/04_conf095.jpg
q-000110	abrau-dyurso-imperial-brut-vintage-shardone-beloe-bryut-12/01_conf095.jpg
q-000111	abrau-dyurso-imperial-brut-vintage-shardone-beloe-bryut-12/02_conf095.jpg
q-000112	abrau-dyurso-imperial-brut-vintage-shardone-beloe-bryut-12/03_conf095.jpg
q-000113	abrau-dyurso-imperial-brut-vintage-shardone-beloe-bryut-12/04_conf095.jpg
q-000114	abrau-dyurso-imperial-brut-vintage-shardone-beloe-bryut-12/05_manual.webp
q-000115	abrau-dyurso-imperial-brut-vintage-shardone-beloe-bryut-12/06_manual.jpg
q-000116	abrau-dyurso-imperial-brut-vintage-shardone-beloe-bryut-12/07_manual.jpg
q-000117	abrau-dyurso-imperial-kyuve-pino-nuar-rozovoe-bryut-125/01_conf095.jpg
q-000118	abrau-dyurso-imperial-kyuve-pino-nuar-rozovoe-bryut-125/02_conf095.jpg
q-000119	abrau-dyurso-imperial-kyuve-pino-nuar-rozovoe-bryut-125/03_conf095.jpg
q-000120	abrau-dyurso-imperial-kyuve-pino-nuar-rozovoe-bryut-125/04_conf095.jpg
q-000121	abrau-dyurso-kaberne-sovinon-krasnoe-suhoe-125/01_conf095.jpg
q-000122	abrau-dyurso-kaberne-sovinon-krasnoe-suhoe-125/02_conf095.jpg
q-000123	abrau-dyurso-kaberne-sovinon-krasnoe-suhoe-125/03_agent.jpg
q-000124	abrau-dyurso-kaberne-sovinon-krasnoe-suhoe-125/04_agent.jpg
q-000125	abrau-dyurso-pino-nuar-krasnoe-suhoe-12/01_agent.jpg
q-000126	abrau-dyurso-pino-nuar-krasnoe-suhoe-12/02_manual.webp
q-000127	abrau-dyurso-pino-nuar-krasnoe-suhoe-12/03_manual.webp
q-000128	abrau-dyurso-pino-nuar-krasnoe-suhoe-12/04_manual.jpg
q-000129	abrau-dyurso-pino-nuar-krasnoe-suhoe-12/05_manual.webp
q-000130	abrau-dyurso-pino-nuar-krasnoe-suhoe-12/06_manual.webp
q-000131	abrau-dyurso-pino-nuar-krasnoe-suhoe-12/07_manual.png
q-000132	abrau-dyurso-pino-nuar-krasnoe-suhoe-12/08_manual.webp
q-000133	abrau-dyurso-pino-nuar-krasnoe-suhoe-125/01_conf095.jpg
q-000134	abrau-dyurso-pino-nuar-krasnoe-suhoe-125/02_manual.jpg
q-000135	abrau-dyurso-risling-beloe-suhoe-12/01_conf095.jpg
q-000136	abrau-dyurso-risling-beloe-suhoe-12/02_conf095.jpg
q-000137	abrau-dyurso-risling-beloe-suhoe-12/03_conf090.jpg
q-000138	abrau-dyurso-risling-beloe-suhoe-12/04_manual.webp
q-000139	abrau-dyurso-risling-beloe-suhoe-12/05_manual.jpg
q-000140	abrau-dyurso-risling-beloe-suhoe-12/06_manual.webp
q-000141	abrau-dyurso-risling-beloe-suhoe-13/01_conf095.jpg
q-000142	abrau-dyurso-risling-beloe-suhoe-13/02_conf095.jpg
q-000143	abrau-dyurso-risling-beloe-suhoe-13/03_conf095.jpg
q-000144	abrau-dyurso-risling-beloe-suhoe-13/04_manual.webp
q-000145	abrau-dyurso-risling-beloe-suhoe-13/05_manual.jpg
q-000146	abrau-dyurso-risling-beloe-suhoe-13/06_manual.webp
q-000147	abrau-dyurso-russkoe-igristoe-koshernoe-bryut-shardone-beloe-13/01_conf095.jpg
q-000148	abrau-dyurso-russkoe-igristoe-koshernoe-bryut-shardone-beloe-13/02_conf095.jpg
q-000149	abrau-dyurso-russkoe-igristoe-koshernoe-bryut-shardone-beloe-13/03_conf095.jpg
q-000150	abrau-dyurso-russkoe-igristoe-koshernoe-bryut-shardone-beloe-13/04_conf095.jpg
q-000151	abrau-dyurso-russkoe-igristoe-koshernoe-bryut-shardone-beloe-13/05_manual.jpg
q-000152	abrau-dyurso-russkoe-igristoe-koshernoe-bryut-shardone-beloe-13/05_manual.webp
q-000153	abrau-dyurso-russkoe-igristoe-koshernoe-bryut-shardone-beloe-13/07_manual.jpg
q-000154	abrau-dyurso-russkoe-igristoe-koshernoe-bryut-shardone-beloe-13/08_manual.webp
q-000155	abrau-dyurso-russkoe-igristoe-koshernoe-bryut-shardone-beloe-13/09_manual.webp
q-000156	abrau-dyurso-russkoe-igristoe-koshernoe-polusladkoe-shardone-beloe-12/01_conf095.jpg
q-000157	abrau-dyurso-russkoe-igristoe-koshernoe-polusladkoe-shardone-beloe-12/02_conf095.jpg
q-000158	abrau-dyurso-russkoe-igristoe-koshernoe-polusladkoe-shardone-beloe-12/03_conf095.jpg
q-000159	abrau-dyurso-russkoe-igristoe-koshernoe-polusladkoe-shardone-beloe-12/04_conf095.jpg
q-000160	abrau-dyurso-russkoe-igristoe-koshernoe-polusladkoe-shardone-beloe-12/05_manual.webp
q-000161	abrau-dyurso-russkoe-igristoe-koshernoe-polusladkoe-shardone-beloe-12/06_manual.webp
q-000162	abrau-dyurso-russkoe-igristoe-polusladkoe-krasnoe-kaberne-sovinon-12/01_conf095.jpg
q-000163	abrau-dyurso-russkoe-igristoe-polusladkoe-krasnoe-kaberne-sovinon-12/02_conf095.jpg
q-000164	abrau-dyurso-russkoe-igristoe-polusladkoe-krasnoe-kaberne-sovinon-12/03_conf095.jpg
q-000165	abrau-dyurso-russkoe-igristoe-polusladkoe-krasnoe-kaberne-sovinon-12/04_conf095.jpg
q-000166	abrau-dyurso-russkoe-igristoe-polusladkoe-shardone-beloe-12/01_conf095.jpg
q-000167	abrau-dyurso-russkoe-igristoe-polusladkoe-shardone-beloe-12/02_conf095.jpg
q-000168	abrau-dyurso-russkoe-igristoe-polusladkoe-shardone-beloe-12/03_conf095.jpg
q-000169	abrau-dyurso-russkoe-igristoe-polusladkoe-shardone-beloe-12/04_conf095.jpg
q-000170	abrau-dyurso-russkoe-igristoe-polusladkoe-shardone-beloe-12/05_agent.jpg
q-000171	abrau-dyurso-russkoe-igristoe-polusladkoe-shardone-beloe-12/06_agent.jpg
q-000172	abrau-dyurso-russkoe-igristoe-polusladkoe-shardone-beloe-12/07_agent.jpg
q-000173	abrau-dyurso-russkoe-igristoe-polusladkoe-shardone-beloe-12/08_agent.jpg
q-000174	abrau-dyurso-russkoe-igristoe-polusuhoe-rozovoe-pino-nuar-12/01_agent.jpg
q-000175	abrau-dyurso-russkoe-igristoe-polusuhoe-shardone-beloe-12/01_conf095.jpg
q-000176	abrau-dyurso-russkoe-igristoe-polusuhoe-shardone-beloe-12/02_conf095.jpg
q-000177	abrau-dyurso-russkoe-igristoe-polusuhoe-shardone-beloe-12/03_conf095.jpg
q-000178	abrau-dyurso-russkoe-igristoe-polusuhoe-shardone-beloe-12/04_conf095.jpg
q-000179	abrau-dyurso-russkoe-igristoe-polusuhoe-shardone-beloe-12/05_agent.jpg
q-000180	abrau-dyurso-russkoe-igristoe-polusuhoe-shardone-beloe-12/06_agent.jpg
q-000181	abrau-dyurso-russkoe-igristoe-polusuhoe-shardone-beloe-12/07_agent.jpg
q-000182	abrau-dyurso-russkoe-igristoe-polusuhoe-shardone-beloe-12/08_agent.jpg
q-000183	abrau-dyurso-shardone-beloe-suhoe-12/02_conf095.jpg
q-000184	abrau-dyurso-shardone-beloe-suhoe-12/03_conf095.jpg
q-000185	abrau-dyurso-shardone-beloe-suhoe-12/04_manual.jpg
q-000186	abrau-dyurso-shardone-beloe-suhoe-13/01_conf095.png
q-000187	abrau-dyurso-shardone-beloe-suhoe-13/02_conf095.jpg
q-000188	abrau-dyurso-shardone-beloe-suhoe-13/03_conf095.jpg
q-000189	abrau-dyurso-shardone-beloe-suhoe-13/04_conf095.jpg
q-000190	abrau-dyurso-shardone-beloe-suhoe-13/06_manual.jpg
q-000191	abrau-dyurso-spumante-bryut-roze-shardone-rozovoe-12/01_agent.jpg
q-000192	abrau-dyurso-udelnoe-vedomstvo-imperatorskoe-beloe-bryut/01_conf095.jpg
q-000193	abrau-dyurso-udelnoe-vedomstvo-imperatorskoe-beloe-bryut/02_conf095.jpg
q-000194	abrau-dyurso-udelnoe-vedomstvo-imperatorskoe-beloe-bryut/03_conf095.jpg
q-000195	abrau-dyurso-udelnoe-vedomstvo-imperatorskoe-beloe-bryut/04_conf095.jpg
q-000196	abrau-dyurso-udelnoe-vedomstvo-imperatorskoe-beloe-polusladkoe/01_conf095.jpg
q-000197	abrau-dyurso-udelnoe-vedomstvo-imperatorskoe-beloe-polusladkoe/02_conf095.jpg
q-000198	abrau-dyurso-udelnoe-vedomstvo-imperatorskoe-beloe-polusladkoe/03_conf095.jpg
q-000199	abrau-dyurso-victor-dravigny-brut-rose-pino-nuar-rozovoe-bryut-12/01_conf095.jpg
q-000200	abrau-dyurso-victor-dravigny-brut-rose-pino-nuar-rozovoe-bryut-12/02_conf095.jpg
q-000201	abrau-dyurso-victor-dravigny-brut-rose-pino-nuar-rozovoe-bryut-12/03_conf095.jpg
q-000202	abrau-dyurso-victor-dravigny-brut-rose-pino-nuar-rozovoe-bryut-12/04_conf095.jpg
q-000203	abrau-dyurso-victor-dravigny-brut-rose-pino-nuar-rozovoe-bryut-12/05_manual.webp
q-000204	abrau-dyurso-victor-dravigny-brut-rose-pino-nuar-rozovoe-bryut-12/06_manual.webp
q-000205	abrau-dyurso-victor-dravigny-brut-rose-pino-nuar-rozovoe-bryut-12/07_manual.webp
q-000206	abrau-dyurso-victor-dravigny-brut-rose-pino-nuar-rozovoe-bryut-12/08_manual.png
q-000207	abrau-dyurso-victor-dravigny-brut-rose-pino-nuar-rozovoe-bryut-12/09_manual.webp
q-000208	abrau-dyurso-victor-dravigny-brut-shardone-beloe-bryut-12/01_agent.jpg
q-000209	abrau-dyurso-victor-dravigny-brut-shardone-beloe-bryut-12/02_agent.jpg
q-000210	abrau-dyurso-victor-dravigny-bryut/01_conf095.jpg
q-000211	abrau-dyurso-victor-dravigny-bryut/02_conf095.jpg
q-000212	abrau-dyurso-victor-dravigny-bryut/03_conf095.jpg
q-000213	abrau-dyurso-victor-dravigny-bryut/04_conf095.jpg
q-000214	abrau-dyurso-victor-dravigny-bryut/05_manual.webp
q-000215	abrau-dyurso-victor-dravigny-bryut/06_manual.webp
q-000216	abrau-dyurso-victor-dravigny-bryut/07_manual.webp
q-000217	abrau-dyurso-victor-dravigny-bryut/08_manual.webp
q-000218	abrau-dyurso-victor-dravigny-bryut/09_manual.webp
q-000219	abrau-dyurso-victor-dravigny-bryut/10_manual.webp
q-000220	abrau-dyurso-victor-dravigny-bryut/11_manual.webp
q-000221	abrau-dyurso-victor-dravigny-bryut/12_manual.webp
q-000222	abrau-dyurso-victor-dravigny-bryut/13_manual.png
q-000223	abrau-dyurso-victor-dravigny-bryut/14_manual.webp
q-000224	abrau-dyurso-victor-dravigny-bryut/15_manual.webp
q-000225	abrau-dyurso-victor-dravigny-bryut/16_manual.webp
q-000226	abrau-dyurso-victor-dravigny-bryut/18_manual.webp
q-000227	abrau-dyurso-victor-dravigny-bryut/19_manual.jpg
q-000228	abrau-dyurso-victor-dravigny-bryut/20_manual.webp
q-000229	abrau-dyurso-victor-dravigny-bryut/21_manual.webp
q-000230	abrau-dyurso-victor-dravigny-bryut/22_manual.webp
q-000231	abrau-dyurso-victor-dravigny-bryut/23_manual.webp
q-000232	abrau-dyurso-victor-dravigny-bryut/25_manual.webp
q-000233	abrau-dyurso-victor-dravigny-bryut/26_manual.webp
q-000234	abrau-dyurso-victor-dravigny-extra-brut-shardone-beloe-bryut-125/01_conf095.jpg
q-000235	abrau-dyurso-victor-dravigny-extra-brut-shardone-beloe-bryut-125/02_conf095.jpg
q-000236	abrau-dyurso-victor-dravigny-extra-brut-shardone-beloe-bryut-125/03_conf095.jpg
q-000237	abrau-dyurso-victor-dravigny-extra-brut-shardone-beloe-bryut-125/04_conf095.jpg
q-000238	abrau-dyurso-victor-dravigny-koshernoe-bryut-shardone-beloe-125/01_agent.webp
q-000239	abrau-dyurso-victor-dravigny-koshernoe-bryut-shardone-beloe-125/03_manual.jpg
q-000240	abrau-dyurso-victor-dravigny-koshernoe-bryut-shardone-beloe-125/07_manual.jpg
q-000241	abrau-dyurso-victor-dravigny-koshernoe-bryut-shardone-beloe-125/08_manual.webp
q-000242	abrau-dyurso-victor-dravigny-koshernoe-bryut-shardone-beloe-125/09_manual.webp
q-000243	abrau-dyurso-victor-dravigny-koshernoe-bryut-shardone-beloe-125/10_manual.webp
q-000244	abrau-dyurso-victor-dravigny-koshernoe-bryut-shardone-beloe-125/11_manual.webp
q-000245	abrau-dyurso-victor-dravigny-koshernoe-bryut-shardone-beloe-125/1224475_34991316.jpg
q-000246	abrau-dyurso-victor-dravigny-krasnoe-polusladkoe-kaberne-sovinon-125/02_conf095.jpg
q-000247	abrau-dyurso-victor-dravigny-krasnoe-polusladkoe-kaberne-sovinon-125/03_conf095.jpg
q-000248	abrau-dyurso-victor-dravigny-krasnoe-polusladkoe-kaberne-sovinon-125/04_conf095.jpg
q-000249	abrau-dyurso-victor-dravigny-polusladkoe-sovinon-blan-beloe-12/01_conf095.jpg
q-000250	abrau-dyurso-victor-dravigny-polusladkoe-sovinon-blan-beloe-12/02_conf095.jpg
q-000251	abrau-dyurso-victor-dravigny-polusladkoe-sovinon-blan-beloe-12/03_conf095.jpg
q-000252	abrau-dyurso-victor-dravigny-polusladkoe-sovinon-blan-beloe-12/04_conf095.jpg
q-000253	abrau-dyurso-victor-dravigny-polusuhoe-pino-blan-beloe-12/01_conf095.jpg
q-000254	abrau-dyurso-victor-dravigny-polusuhoe-pino-blan-beloe-12/02_conf095.jpg
q-000255	abrau-dyurso-victor-dravigny-polusuhoe-pino-blan-beloe-12/03_conf095.jpg
q-000256	abrau-dyurso-victor-dravigny-polusuhoe-pino-blan-beloe-12/04_conf095.jpg
q-000257	agora-bastardo/02_manual.webp
q-000258	agora-blek-stoun/01_agent.webp
q-000259	agora-blek-stoun/02_agent.webp
q-000260	agora-kaberne-sovinon/01_conf090.jpg
q-000261	agora-muskat-chernyj/01_conf095.jpg
q-000262	agora-muskat-chernyj/02_conf095.jpg
q-000263	agora-muskat-chernyj/03_conf095.jpg
q-000264	agora-muskat-chernyj/04_conf095.jpg
q-000265	agora-muskat-chernyj/05_agent.jpg
q-000266	agora-muskat-chernyj/06_agent.jpg
q-000267	agora-muskat-chernyj/07_agent.jpg
q-000268	agora-muskat-chernyj/08_agent.jpg
q-000269	agora-muskat/04_conf095.jpg
q-000270	agora-muskat/05_agent.jpg
q-000271	agora-muskat/06_agent.jpg
q-000272	agora-muskat/07_agent.jpg
q-000273	agora-muskat/08_agent.jpg
q-000274	agora-pino-nuar/01_conf095.jpg
q-000275	agora-pino-nuar/02_conf095.jpg
q-000276	agora-pino-nuar/03_conf095.jpg
q-000277	agora-pino-nuar/04_conf095.jpg
q-000278	agora-pino-nuar/05_agent.jpg
q-000279	agora-pino-nuar/06_agent.jpg
q-000280	agora-pino-nuar/07_agent.jpg
q-000281	agora-risling/01_conf095.jpg
q-000282	agora-risling/02_conf095.webp
q-000283	agora-risling/03_conf095.jpg
q-000284	agora-risling/04_conf095.webp
q-000285	agora-risling/05_agent.webp
q-000286	agora-risling/06_agent.webp
q-000287	agora-risling/07_agent.jpg
q-000288	agora-rosa-viva-beloe-bryut/01_agent.webp
q-000289	agora-rosa-viva-beloe-bryut/02_agent.webp
q-000290	agora-rosa-viva-cabernet-franc/02_manual.jpg
q-000291	agora-rosa-viva-cabernet-sauvignon-shiraz/01_manual.webp
q-000292	agora-rosa-viva-muscat/01_agent.png
q-000293	agora-rosa-viva-riesling/01_agent.webp
q-000294	agora-saperavi/01_conf095.jpg
q-000295	agora-saperavi/02_conf095.jpg
q-000296	agora-saperavi/04_conf095.jpg
q-000297	agora-saperavi/05_agent.jpg
q-000298	agora-saperavi/06_agent.jpg
q-000299	agora-saperavi/07_agent.jpg
q-000300	agora-shardone/01_conf095.jpg
q-000301	agora-shardone/02_manual.jpg
q-000302	agora-sovinon/01_agent.jpg
q-000303	agora-vintage-blanc-de-blancs-extra-brut/02_manual.webp
q-000304	agora-vintage-blanc-de-blancs-extra-brut/03_manual.jpg
q-000305	agora-vintage-blanc-de-blancs-extra-brut/04_manual.jpg
q-000306	agora-vintage-blanc-de-blancs-extra-brut/05_manual.webp
q-000307	agora-vintage-blanc-de-blancs-extra-brut/06_manual.webp
q-000308	agora-vintage-blanc-de-noirs-extra-brut/05_manual.webp
q-000309	agora-vintage-blanc-de-noirs-extra-brut/06_manual.jpg
q-000310	agora-vintage-blanc-de-noirs-extra-brut/07_manual.jpg
q-000311	agora-winery-cuvee-pino-gridzhio-shardone-bryut-beloe-125/01_conf095.jpg
q-000312	agora-winery-cuvee-pino-gridzhio-shardone-bryut-beloe-125/02_conf095.jpg
q-000313	agora-winery-cuvee-pino-nuar-shardone-bryut-rozovoe-125/01_agent.jpg
q-000314	agora-winery-cuvee-pino-nuar-shardone-bryut-rozovoe-125/02_agent.webp
q-000315	agora-yachting-chardonnay/01_conf095.jpg
q-000316	agora-yachting-chardonnay/02_manual.jpg
q-000317	agora-yachting-merlot/01_agent.jpg
q-000318	agora-yachting-pinot-grigio/01_conf095.jpg
q-000319	agora-yachting-sauvignon/01_agent.jpg
q-000320	agora-yachting-shiraz/01_conf095.jpg
q-000321	agrolayn-heritage-dg-skin-contact-red-saperavi-krasnoe-suhoe-13/01_agent.webp
q-000322	agrolayn-heritage-dg-skin-contact-red-saperavi-krasnoe-suhoe-13/02_agent.jpg
q-000323	agrolayn-heritage-dg-skin-contact-rkatsiteli-rkatsiteli-beloe-suhoe-12/01_agent.webp
q-000324	agrolayn-heritage-dg-skin-contact-rkatsiteli-rkatsiteli-beloe-suhoe-12/02_agent.jpg
q-000325	agrolayn-heritage-dg-skin-contact-rkatsiteli-rkatsiteli-krasnoe-suhoe-12/01_agent.webp
q-000326	agrolayn-heritage-dg-skin-contact-rkatsiteli-rkatsiteli-krasnoe-suhoe-12/02_agent.jpg
q-000327	agrolayn-lame-du-vin-saperavi-krasnoe-suhoe-13/01_agent.jpg
q-000328	agrolayn-mountain-eagle-aleatico-rose-aleatiko-rozovoe-suhoe-125/01_agent.webp
q-000329	agrolayn-mountain-eagle-aleatico-rose-aleatiko-rozovoe-suhoe-125/02_agent.jpg
q-000330	agrolayn-mountain-eagle-aleatico-rose-aleatiko-rozovoe-suhoe-125/03_manual.webp
q-000331	agrolayn-mountain-eagle-aleatico-rose-aleatiko-rozovoe-suhoe-125/04_manual.webp
q-000332	agrolayn-mountain-eagle-aleatico-rose-aleatiko-rozovoe-suhoe-125/05_manual.webp
q-000333	agrolayn-mountain-eagle-aleatico-rose-aleatiko-rozovoe-suhoe-125/06_manual.webp
q-000334	agrolayn-mountain-eagle-aleatico-rose-aleatiko-rozovoe-suhoe-125/07_manual.webp
q-000335	agrolayn-mountain-eagle-cabernet-sauvignon-kaberne-sovinon-krasnoe-suhoe-135/03_manual.webp
q-000336	agrolayn-mountain-eagle-cabernet-sauvignon-kaberne-sovinon-krasnoe-suhoe-135/04_manual.webp
q-000337	agrolayn-mountain-eagle-cabernet-sauvignon-kaberne-sovinon-krasnoe-suhoe-135/05_manual.webp
q-000338	agrolayn-mountain-eagle-cabernet-sauvignon-kaberne-sovinon-krasnoe-suhoe-135/06_manual.webp
q-000339	agrolayn-mountain-eagle-cabernet-sauvignon-kaberne-sovinon-krasnoe-suhoe-135/07_manual.webp
q-000340	agrolayn-mountain-eagle-chardonnay-shardone-beloe-suhoe-12/02_manual.webp
q-000341	agrolayn-mountain-eagle-chardonnay-shardone-beloe-suhoe-12/04_manual.webp
q-000342	agrolayn-mountain-eagle-chardonnay-shardone-beloe-suhoe-12/05_manual.webp
q-000343	agrolayn-mountain-eagle-chardonnay-shardone-beloe-suhoe-12/06_manual.webp
q-000344	agrolayn-mountain-eagle-chardonnay-shardone-beloe-suhoe-12/07_manual.webp
q-000345	agrolayn-mountain-eagle-marselan-marselan-krasnoe-suhoe-13/02_agent.jpg
q-000346	agrolayn-mountain-eagle-marselan-marselan-krasnoe-suhoe-13/04_manual.webp
q-000347	agrolayn-mountain-eagle-marselan-marselan-krasnoe-suhoe-13/05_manual.webp
q-000348	agrolayn-mountain-eagle-marselan-marselan-krasnoe-suhoe-13/06_manual.webp
q-000349	agrolayn-mountain-eagle-muscat-muskat-beloe-suhoe-125/01_agent.webp
q-000350	agrolayn-mountain-eagle-muscat-muskat-beloe-suhoe-125/02_agent.jpg
q-000351	agrolayn-mountain-eagle-muscat-muskat-beloe-suhoe-125/03_manual.webp
q-000352	agrolayn-mountain-eagle-muscat-muskat-beloe-suhoe-125/04_manual.webp
q-000353	agrolayn-mountain-eagle-muscat-muskat-beloe-suhoe-125/06_manual.webp
q-000354	agrolayn-mountain-eagle-muscat-muskat-beloe-suhoe-125/07_manual.webp
q-000355	agrolayn-mountain-eagle-muscat-muskat-beloe-suhoe-125/10_manual.webp
q-000356	agrolayn-mountain-eagle-saperavi-saperavi-krasnoe-suhoe-135/01_conf095.jpg
q-000357	agrolayn-mountain-eagle-saperavi-saperavi-krasnoe-suhoe-135/03_agent.jpg
q-000358	agrolayn-mountain-eagle-saperavi-saperavi-krasnoe-suhoe-135/06_manual.webp
q-000359	agrolayn-mountain-eagle-saperavi-saperavi-krasnoe-suhoe-135/07_manual.webp
q-000360	agrolayn-mountain-eagle-saperavi-saperavi-krasnoe-suhoe-135/08_manual.webp
q-000361	agrolayn-mountain-eagle-sauvignon-blanc-sovinon-blan-beloe-suhoe-125/02_manual.webp
q-000362	agrolayn-mountain-eagle-sauvignon-blanc-sovinon-blan-beloe-suhoe-125/03_manual.webp
q-000363	agrolayn-mountain-eagle-sauvignon-blanc-sovinon-blan-beloe-suhoe-125/04_manual.webp
q-000364	agrolayn-mountain-eagle-sauvignon-blanc-sovinon-blan-beloe-suhoe-125/05_manual.webp
q-000365	agrolayn-mountain-eagle-sauvignon-blanc-sovinon-blan-beloe-suhoe-125/06_manual.webp
q-000366	agrolayn-mountain-eagle-sauvignon-blanc-sovinon-blan-beloe-suhoe-125/07_manual.webp
q-000367	agrolayn-mountain-eagle-sauvignon-blanc-sovinon-blan-beloe-suhoe-125/08_manual.webp
q-000368	agrolayn-mountain-eagle-sauvignon-blanc-sovinon-blan-beloe-suhoe-125/09_manual.png
q-000369	agrolayn-mountain-eagle-semillon-semilon-beloe-suhoe-11/01_agent.webp
q-000370	agrolayn-mountain-eagle-semillon-semilon-beloe-suhoe-11/02_manual.webp
q-000371	agrolayn-mountain-eagle-semillon-semilon-beloe-suhoe-11/03_manual.webp
q-000372	agrolayn-mountain-eagle-semillon-semilon-beloe-suhoe-11/04_manual.webp
q-000373	agrolayn-mountain-eagle-semillon-semilon-beloe-suhoe-11/05_manual.webp
q-000374	agrolayn-mountain-eagle-semillon-semilon-beloe-suhoe-11/09_manual.png
q-000375	agrolayn-mountain-eagle-semillon-semilon-beloe-suhoe-11/10_manual.png
q-000376	agrolayn-mountain-eagle-traminer-traminer-beloe-suhoe-12/01_agent.jpg
q-000377	agrolayn-mountain-eagle-traminer-traminer-beloe-suhoe-12/02_agent_moved2.jpg
q-000378	agrolayn-mountain-eagle-traminer-traminer-beloe-suhoe-12/03_agent.jpg
q-000379	agrolayn-mountain-eagle-traminer-traminer-beloe-suhoe-12/04_manual.webp
q-000380	agrolayn-mountain-eagle-traminer-traminer-beloe-suhoe-12/05_manual.webp
q-000381	agrolayn-mountain-eagle-traminer-traminer-beloe-suhoe-12/06_manual.webp
q-000382	agrolayn-mountain-eagle-traminer-traminer-beloe-suhoe-12/07_manual.webp
q-000383	agrolayn-mountain-eagle-traminer-traminer-beloe-suhoe-12/08_manual.webp
q-000384	agrolayn-mountain-eagle-viognier-vione-beloe-suhoe-115/04_manual.webp
q-000385	agrolayn-mountain-eagle-viognier-vione-beloe-suhoe-115/05_manual.webp
q-000386	agrolayn-mountain-eagle-viognier-vione-beloe-suhoe-115/06_manual.webp
q-000387	agrolayn-mountain-eagle-viognier-vione-beloe-suhoe-115/07_manual.webp
q-000388	agrolayn-mountain-eagle-viognier-vione-beloe-suhoe-115/08_manual.webp
q-000389	agrolayn-mountain-eagle-white-blend-vione-beloe-suhoe-115/01_manual.webp
q-000390	aligote-avtorskoe-vino/01_conf095.jpg
q-000391	aligote-avtorskoe-vino/02_conf090.jpg
q-000392	aligote-avtorskoe-vino/03_conf090.jpg
q-000393	aligote-avtorskoe-vino/06_agent.jpg
q-000394	aligote-avtorskoe-vino/07_agent.jpg
q-000395	aligote-avtorskoe/01_conf095.jpg
q-000396	aligote-avtorskoe/02_conf090.jpg
q-000397	aligote-avtorskoe/03_conf090.jpg
q-000398	aligote-avtorskoe/05_agent.jpg
q-000399	aligote-avtorskoe/06_agent.jpg
q-000400	aligote-barrel-2024/01_agent.webp
q-000401	aligote-barrel-2024/02_agent.jpg
q-000402	aligote-barrel-2024/03_manual.jpg
q-000403	aligote-barrel-2025/01_agent.jpg
q-000404	aligote-barrel-2025/02_agent.webp
q-000405	aligote-barrel-2025/03_manual.jpg
q-000406	alma-valley-alma-graviti-pino-nuar-merlo-kaberne-sovinon-krasnoe-suhoe-14/01_agent.webp
q-000407	alma-valley-graviti-kaberne-sovinon-krasnoe-suhoe-15/03_manual.webp
q-000408	alma-valley-graviti-kaberne-sovinon-krasnoe-suhoe-15/04_manual.jpg
q-000409	alma-valley-graviti-kaberne-sovinon-krasnoe-suhoe-15/04_manual.webp
q-000410	alma-valley-graviti-pino-blan-beloe-suhoe-135/05_manual.webp
q-000411	alma-valley-kaberne-fran-rezerv-krasnoe-suhoe-15/01_agent.jpg
q-000412	alma-valley-kaberne-sovinon-rezerv-krasnoe-suhoe-15/01_agent.jpg
q-000413	alma-valley-kokur-beloe-suhoe-14/01_manual.webp
q-000414	alma-valley-kokur-beloe-suhoe-14/02_manual.webp
q-000415	alma-valley-kokur-beloe-suhoe-14/03_manual.webp
q-000416	alma-valley-merlo-rezerv-krasnoe-suhoe-14/01_conf095.jpg
q-000417	alma-valley-merlo-rezerv-krasnoe-suhoe-14/02_conf090.jpg
q-000418	alma-valley-merlo-rezerv-krasnoe-suhoe-15/01_conf095.jpg
q-000419	alma-valley-pino-blan-beloe-suhoe-14/02_conf095.jpg
q-000420	alma-valley-pino-blan-beloe-suhoe-14/03_conf095.jpg
q-000421	alma-valley-pino-blan-beloe-suhoe-14/04_conf095.jpg
q-000422	alma-valley-pino-blan-rezerv-beloe-suhoe-14/01_conf095.jpg
q-000423	alma-valley-pino-blan-rezerv-beloe-suhoe-14/02_conf090.jpg
q-000424	alma-valley-pino-blan-rezerv-beloe-suhoe-14/03_conf090.jpg
q-000425	alma-valley-pino-nuar-beloe-ekstra-bryut-115/01_conf095.jpg
q-000426	alma-valley-pino-nuar-beloe-ekstra-bryut-115/02_conf095.jpg
q-000427	alma-valley-pino-nuar-beloe-ekstra-bryut-115/03_agent.jpg
q-000428	alma-valley-pino-nuar-beloe-ekstra-bryut-115/04_agent.jpg
q-000429	alma-valley-pino-nuar-krasnoe-suhoe-13/01_conf095.jpg
q-000430	alma-valley-pino-nuar-rezerv-krasnoe-suhoe-14/01_conf095.jpg
q-000431	alma-valley-rislaner-beloe-polusladkoe-125/01_agent.webp
q-000432	alma-valley-risling-beloe-polusuhoe-125/01_agent.jpg
q-000433	alma-valley-semilon-beloe-suhoe-135/01_agent.jpg
q-000434	alma-valley-semilon-beloe-suhoe-135/02_agent.png
q-000435	alma-valley-shardone-beloe-suhoe-135/01_conf095.jpg
q-000436	alma-valley-shardone-rezerv-beloe-suhoe-135/01_conf095.jpg
q-000437	alma-valley-shardone-rezerv-beloe-suhoe-14/01_conf095.jpg
q-000438	alma-valley-shiraz-krasnoe-suhoe-13/01_agent.webp
q-000439	alma-valley-shiraz-krasnoe-suhoe-13/02_agent.png
q-000440	alma-valley-shiraz-sira-rezerv-krasnoe-suhoe-14/01_agent.jpg
q-000441	alma-valley-solntse-vozduh-vinograd-kokur-beloe-polusladkoe-13/01_conf095.jpg
q-000442	alma-valley-solntse-vozduh-vinograd-kokur-beloe-polusladkoe-13/02_conf095.jpg
q-000443	alma-valley-solntse-vozduh-vinograd-kokur-beloe-polusladkoe-13/03_conf085.jpg
q-000444	alma-valley-solntse-vozduh-vinograd-merlo-krasnoe-polusladkoe-14/01_conf095.jpg
q-000445	alma-valley-solntse-vozduh-vinograd-merlo-krasnoe-polusladkoe-14/02_conf095.jpg
q-000446	alma-valley-solntse-vozduh-vinograd-shardone-beloe-polusuhoe-13/01_conf095.jpg
q-000447	alma-valley-solntse-vozduh-vinograd-shardone-beloe-polusuhoe-13/02_conf095.jpg
q-000448	alma-valley-solntse-vozduh-vinograd-shardone-beloe-polusuhoe-13/03_conf095.jpg
q-000449	alma-valley-solntse-vozduh-vinograd-shardone-beloe-polusuhoe-13/04_agent.jpg
q-000450	alma-valley-solntse-vozduh-vinograd-shardone-beloe-polusuhoe-13/05_agent.jpg
q-000451	alma-valley-solntse-vozduh-vinograd-shardone-beloe-polusuhoe-13/06_agent.jpg
q-000452	alma-valley-solntse-vozduh-vinograd-sira-shiraz-krasnoe-polusuhoe-135/01_conf095.jpg
q-000453	alma-valley-solntse-vozduh-vinograd-sira-shiraz-rozovoe-polusladkoe-12/01_conf095.jpg
q-000454	alma-valley-solntse-vozduh-vinograd-sira-shiraz-rozovoe-polusladkoe-12/02_conf095.jpg
q-000455	alma-valley-sovinon-blan-beloe-suhoe-14/01_conf095.jpg
q-000456	alma-valley-sovinon-blan-beloe-suhoe-14/02_conf095.jpg
q-000457	alma-valley-sovinon-blan-beloe-suhoe-14/06_agent.jpg
q-000458	alma-valley-sovinon-blan-rezerv-beloe-suhoe-14/01_conf095.jpg
q-000459	alma-valley-sovinon-blan-rezerv-beloe-suhoe-14/02_conf095.jpg
q-000460	alma-valley-sovinon-blan-rezerv-beloe-suhoe-14/03_agent.jpg
q-000461	alma-valley-sovinon-blan-rezerv-beloe-suhoe-14/04_agent.jpg
q-000462	alma-valley-tba-sovinon-sovinon-blan-beloe-sladkoe-75/01_agent.webp
q-000463	alma-valley-tempranilo-rezerv-krasnoe-suhoe-14/01_agent.webp
q-000464	alma-valley-traminer-beloe-suhoe-125/01_conf095.jpg
q-000465	alma-valley-traminer-beloe-suhoe-125/03_agent.jpg
q-000466	alma-valley-traminer-beloe-suhoe-125/04_agent.jpg
q-000467	alma-valley-traminer-beloe-suhoe-125/05_agent.jpg
q-000468	alma-valley-traminer-beloe-suhoe-125/06_agent.jpg
q-000469	andryus-yutsis-muscat-blanc-muskat-beloe-suhoe-112/01_agent.webp
q-000470	andryus-yutsis-muskat-blan-vione-beloe-suhoe-117/01_agent.webp
q-000471	andryus-yutsis-muskat-blan-vione-beloe-suhoe-117/02_agent.webp
q-000472	andryus-yutsis-orange-vermentino-beloe-suhoe-112/02_agent.jpg
q-000473	andryus-yutsis-organik-risling-beloe-suhoe-115/01_agent.png
q-000474	andryus-yutsis-organik-risling-beloe-suhoe-115/02_agent.webp
q-000475	andryus-yutsis-pinot-grigio-pino-gri-beloe-suhoe-125/02_agent.jpg
q-000476	andryus-yutsis-shenen-blan-beloe-suhoe-12/01_manual.webp
q-000477	appassimento-merlot/01_agent.jpg
q-000478	appassimento-merlot/02_agent.webp
q-000479	aratti-kaberne-sovinon-2021-krasnoe-suhoe/01_agent.webp
q-000480	aratti-kaberne-sovinon-2021-krasnoe-suhoe/02_agent.webp
q-000481	aratti-muskat-belyj-polusuhoe/01_conf095.jpg
q-000482	aratti-muskat-belyj-suhoe/01_agent.webp
q-000483	aratti-risling-beloe-polusuhoe/01_agent.webp
q-000484	aratti-risling-suhoe/01_conf095.webp
q-000485	aratti-shardone-beloe-suhoe/01_agent.webp
q-000486	aratti-sovinon-blan-beloe-polusuhoe/01_conf095.jpg
q-000487	arie-riserva/01_agent.webp
q-000488	arie-vyderzhka-bochka-francziya-2020/01_agent.webp
q-000489	arie-vyderzhka-bochka-francziya-2020/02_agent.webp
q-000490	arie/01_agent.webp
q-000491	aristov-anima-millesimato-beloe-bryut/01_conf095.jpg
q-000492	aristov-anima-millesimato-beloe-bryut/02_conf095.jpg
q-000493	aristov-anima-millesimato-beloe-bryut/03_conf095.jpg
q-000494	aristov-anima-millesimato-beloe-bryut/04_conf095.jpg
q-000495	aristov-anima-millesimato-beloe-bryut/05_agent.jpg
q-000496	aristov-anima-millesimato-beloe-bryut/06_agent.jpg
q-000497	aristov-anima-millesimato-beloe-bryut/07_agent.jpg
q-000498	aristov-anima-millesimato-beloe-bryut/08_agent.jpg
q-000499	aristov-anima-millesimato/01_conf095.jpg
q-000500	aristov-anima-millesimato/02_conf095.jpg
q-000501	aristov-anima-millesimato/03_conf095.jpg
q-000502	aristov-anima-millesimato/04_conf095.jpg
q-000503	aristov-anima-millesimato/05_agent.jpg
q-000504	aristov-anima-millesimato/06_agent.jpg
q-000505	aristov-anima-pinot-grigio-blush/01_conf100.jpg
q-000506	aristov-anima-pinot-grigio-blush/02_conf095.jpg
q-000507	aristov-anima-pinot-grigio-blush/03_conf095.jpg
q-000508	aristov-anima-pinot-grigio-blush/04_conf095.jpg
q-000509	aristov-kyuve-aleksandr-blan-de-blan/01_conf095.jpg
q-000510	aristov-kyuve-aleksandr-blan-de-blan/02_conf095.jpg
q-000511	aristov-kyuve-aleksandr-blan-de-blan/03_conf095.jpg
q-000512	aristov-kyuve-aleksandr-blan-de-blan/04_conf095.jpg
q-000513	aristov-kyuve-aleksandr-blan-de-blan/05_agent.webp
q-000514	aristov-kyuve-aleksandr-blan-de-blan/06_agent.webp
q-000515	aristov-kyuve-aleksandr-blan-de-blan/07_agent.jpg
q-000516	aristov-kyuve-aleksandr-blan-de-nuar/01_conf095.jpg
q-000517	aristov-kyuve-aleksandr-blan-de-nuar/02_conf095.jpg
q-000518	aristov-kyuve-aleksandr-blan-de-nuar/03_conf095.jpg
q-000519	aristov-kyuve-aleksandr-blan-de-nuar/04_conf095.jpg
q-000520	aristov-kyuve-aleksandr-blan-de-nuar/05_agent.webp
q-000521	aristov-kyuve-aleksandr-blan-de-nuar/06_agent.jpg
q-000522	aristov-kyuve-aleksandr-blan-de-nuar/07_agent.jpg
q-000523	aristov-kyuve-aleksandr-roze-de-pino/01_conf095.jpg
q-000524	aristov-kyuve-aleksandr-roze-de-pino/02_conf095.jpg
q-000525	aristov-kyuve-aleksandr-roze-de-pino/03_conf095.jpg
q-000526	aristov-kyuve-aleksandr-roze-de-pino/04_conf095.jpg
q-000527	aristov-kyuve-aleksandr-roze-de-pino/05_agent.webp
q-000528	aristov-kyuve-aleksandr-roze-de-pino/06_agent.jpg
q-000529	aristov-kyuve-aleksandr-roze-de-pino/07_agent.jpg
q-000530	aristov-kyuve-aleksandr-roze-de-pino/08_agent.jpg
q-000531	aromatnoe-shenen-blan-beloe-suhoe-13/01_agent.jpg
q-000532	artvin-odesskiy-chernyy-rezerv-krasnoe-suhoe-13/01_agent.webp
q-000533	avtohtonnoe-vino-kryma-beloe-suhoe/01_conf095.jpg
q-000534	avtohtonnoe-vino-kryma-beloe-suhoe/02_conf095.jpg
q-000535	avtorskij-gid-artura-sarkisyana/01_agent.jpg
q-000536	avtorskij-gid-artura-sarkisyana/02_agent.jpg
q-000537	avtorskoe-risling/01_agent.jpg
q-000538	aya-organic-wine-vineyards-blush-3-kaberne-fran-rozovoe-ekstra-bryut-132/02_agent.jpg
q-000539	aya-organic-wine-vineyards-purity-in-chenin-blanc-shenen-blan-beloe-suhoe-11/02_agent.jpg
q-000540	aya-organic-wine-vineyards-purity-in-merlot-merlo-rozovoe-suhoe-134/02_agent.jpg
q-000541	aya-organic-wine-vineyards-purity-in-syrah-sira-rozovoe-suhoe-132/02_agent.jpg
q-000542	b-yu-rne-krasnostop-suhoe-krasnoe-classic/02_agent.jpg
q-000543	b-yu-rne-krasnostop-suhoe-krasnoe-classic/04_agent.jpg
q-000544	b-yu-rne-krasnostop-suhoe-krasnoe-classic/05_agent.jpg
q-000545	b-yu-rne-l-yu-bl-yu-suhoe-rozovoe/01_agent.webp
q-000546	bakla-vines-kaberne-fran-krasnoe-suhoe-143/01_conf095.jpg
q-000547	bakla-vines-kangun-beloe-suhoe-12/01_conf095.jpg
q-000548	bakla-vines-sira-krasnoe-suhoe-135/01_agent.jpg
q-000549	balaklava-bryut-rezerv/01_conf095.jpg
q-000550	balaklava-bryut-rezerv/02_conf095.jpg
q-000551	balaklava-bryut-rezerv/03_conf095.jpg
q-000552	balaklava-bryut-rezerv/04_conf095.jpg
q-000553	balaklava-bryut-rezerv/05_agent.jpg
q-000554	balaklava-bryut-rezerv/06_agent.jpg
q-000555	balaklava-bryut-rezerv/07_agent.jpg
q-000556	balaklava-muskat-beloe-polusladkoe/01_conf095.jpg
q-000557	balaklava-muskat-beloe-polusladkoe/02_conf095.jpg
q-000558	balaklava-muskat-beloe-polusladkoe/03_conf095.jpg
q-000559	balaklava-muskat-beloe-polusladkoe/04_conf095.jpg
q-000560	balaklava-muskat-beloe-polusladkoe/05_agent.jpg
q-000561	balaklava-muskat-beloe-polusladkoe/06_agent.jpg
q-000562	balaklava-muskat-beloe-polusladkoe/08_agent.webp
q-000563	balaklava-muskat/01_conf095.jpg
q-000564	balaklava-muskat/02_conf095.jpg
q-000565	balaklava-muskat/03_conf095.jpg
q-000566	balaklava-muskat/04_conf095.jpg
q-000567	balaklava-muskat/05_agent.jpg
q-000568	balaklava-muskat/06_agent.jpg
q-000569	balaklava-muskat/08_agent.webp
q-000570	balaklava-pino-nuar/01_conf095.jpg
q-000571	belbek-belbek-meritazh-kaberne-sovinon-krasnoe-suhoe-135/01_agent.jpg
q-000572	belbek-belbek-muskat-beloe-suhoe-128/01_conf095.jpg
q-000573	belbek-belbek-pino-nuar-krasnoe-suhoe-13/01_agent.jpg
q-000574	belbek-belbek-saperavi-rezerv-krasnoe-suhoe-14/01_conf095.jpg
q-000575	belbek-belbek-saperavi-rezerv-krasnoe-suhoe-14/02_manual.jpg
q-000576	belbek-kaberne-sovinon-krasnoe-suhoe-138/01_conf095.jpg
q-000577	belbek-kokur-kokur-belyy-beloe-suhoe-13/01_conf095.jpg
q-000578	belbek-meritazh-kaberne-sovinon-krasnoe-suhoe-136/01_agent.jpg
q-000579	belbek-muskat-oranzh-muskat-belyy-oranzhevoe-suhoe-125/01_conf095.jpg
q-000580	belbek-pino-nuar-roze-rozovoe-suhoe-115/01_conf095.jpg
q-000581	belmas-winery-risling-beloe-suhoe-135/01_agent.png
q-000582	belmas-winery-syrah-katya-sira-krasnoe-suhoe-125/02_agent.jpg
q-000583	belmas-winery-syrah-katya-sira-krasnoe-suhoe-125/03_agent.jpg
q-000584	belmas-winery-syrah-katya-sira-krasnoe-suhoe-125/04_agent.webp
q-000585	belmas-winery-viogner-katya-vione-beloe-suhoe-135/02_agent.webp
q-000586	blagolyubov-stanichnoe-stanichnyy-beloe-suhoe-12/01_agent.png
q-000587	blan-de-blan/02_agent.jpg
q-000588	blush-mirage-risling/01_agent.webp
q-000589	blush-mirage-rkacziteli-shiraz/01_agent.webp
q-000590	blush-mirage-rkacziteli-shiraz/02_agent.webp
q-000591	bogovich-wine-vineyard-faina-sovinon-zelenyy-beloe-suhoe-113/01_agent.webp
q-000592	bogovich-wine-vineyard-kaberne-sovinon-krasnoe-suhoe-125/01_agent.webp
q-000593	bogovich-wine-vineyard-merlo-krasnoe-suhoe-14/01_agent.webp
q-000594	bogovich-wine-vineyard-muskat-oranzh-muskat-belyy-beloe-suhoe-125/01_agent.webp
q-000595	bogovich-wine-vineyard-pino-nuar-2-krasnoe-suhoe-12/02_agent.webp
q-000596	bogovich-wine-vineyard-pino-nuar-krasnoe-suhoe-125/02_agent.webp
q-000597	bryut-beloe-zolotaya-balka/01_conf095.jpg
q-000598	bryut-beloe-zolotaya-balka/05_agent.webp
q-000599	bryut-beloe-zolotaya-balka/06_agent.webp
q-000600	bryut-rozovoe-zolotaya-balka/01_conf095.jpg
q-000601	bukovinka/01_agent.webp
q-000602	caperavi-avtorskoe-vino/03_agent.jpg
q-000603	caperavi-avtorskoe-vino/04_agent.jpg
q-000604	caperavi-avtorskoe-vino/05_agent.webp
q-000605	cary-pandas-avtorskoe-vino/02_agent.jpg
q-000606	caucasian-dzharag/01_agent.png
q-000607	chateau-andre-merlo-krasnoe-suhoe-14/01_conf100.jpg
q-000608	chateau-andre-merlo-krasnoe-suhoe-14/02_agent.jpg
q-000609	chateau-andre-merlo-krasnoe-suhoe-14/03_agent.webp
q-000610	chateau-andre-merlo-krasnoe-suhoe-14/06_agent.jpg
q-000611	chateau-andre-pino-nuar-roze-rozovoe-suhoe-13/01_conf095.jpg
q-000612	chateau-cachalot-sira-krasnoe-suhoe-12/02_agent.jpg
q-000613	chateau-de-talu-blan-semilon-beloe-suhoe-127/01_conf095.jpg
q-000614	chateau-de-talu-enolog-kaberne-sovinon-krasnoe-suhoe-15/02_agent.webp
q-000615	chateau-de-talu-kaberne-fran-rezerv-krasnoe-suhoe-13/01_agent.jpg
q-000616	chateau-de-talu-klere-sira-rozovoe-suhoe-136/01_agent.webp
q-000617	chateau-de-talu-klere-sira-rozovoe-suhoe-136/02_agent.png
q-000618	chateau-de-talu-krasnostop-rezerv-krasnostop-anapskiy-krasnoe-suhoe-137/01_conf095.jpg
q-000619	chateau-de-talu-kupazh-132-kaberne-sovinon-krasnoe-suhoe-146/01_agent.webp
q-000620	chateau-de-talu-kupazh-132-kaberne-sovinon-krasnoe-suhoe-146/02_agent.webp
q-000621	chateau-de-talu-merlot/01_agent.webp
q-000622	chateau-de-talu-muskat-beloe-suhoe-13/02_agent.jpg
q-000623	chateau-de-talu-ruzh-kaberne-sovinon-krasnoe-suhoe-14/01_conf095.jpg
q-000624	chateau-de-talu-ruzh-kaberne-sovinon-krasnoe-suhoe-14/02_conf095.jpg
q-000625	chateau-de-talu-uroki-frantsuzskogo-kaberne-fran-krasnoe-suhoe-14/01_conf095.jpg
q-000626	chateau-de-talu-uroki-frantsuzskogo-kaberne-fran-krasnoe-suhoe-14/02_conf095.jpg
q-000627	chateau-de-talu-uroki-frantsuzskogo-kaberne-fran-krasnoe-suhoe-14/03_conf095.jpg
q-000628	chateau-de-talu-uroki-frantsuzskogo-kaberne-sovinon-krasnoe-suhoe-14/01_conf095.jpg
q-000629	chateau-de-talu-uroki-frantsuzskogo-krasnostop-krasnostop-anapskiy-krasnoe-suhoe-145/01_conf095.jpg
q-000630	chateau-de-talu-uroki-frantsuzskogo-krasnostop-krasnostop-anapskiy-krasnoe-suhoe-145/02_conf095.jpg
q-000631	chateau-de-talu-uroki-frantsuzskogo-merlo-krasnoe-suhoe-147/01_conf095.jpg
q-000632	chateau-de-talu-uroki-frantsuzskogo-merlo-krasnoe-suhoe-147/02_conf095.jpg
q-000633	chateau-de-talu-uroki-frantsuzskogo-merlo-krasnoe-suhoe-147/03_conf095.jpg
q-000634	chateau-de-talu-uroki-frantsuzskogo-shardone-beloe-suhoe-124/01_conf095.jpg
q-000635	chateau-de-talu-uroki-frantsuzskogo-shardone-beloe-suhoe-124/02_conf095.jpg
q-000636	chateau-de-talu-uroki-frantsuzskogo-sira-krasnoe-suhoe-13/02_conf095.jpg
q-000637	chateau-de-talu-uroki-frantsuzskogo-sira-krasnoe-suhoe-13/03_conf095.jpg
q-000638	chateau-de-talu-uroki-frantsuzskogo-sira-krasnoe-suhoe-13/04_conf095.jpg
q-000639	chateau-de-talu-uroki-frantsuzskogo-sovinon-blan-beloe-suhoe-115/01_conf095.jpg
q-000640	chateau-de-talu-yuzhnaya-vertikal-kaberne-fran-krasnoe-suhoe-142/02_agent.png
q-000641	chateau-de-talu-yuzhnaya-vertikal-kaberne-fran-krasnoe-suhoe-142/03_agent.jpg
q-000642	chateau-de-talu-yuzhnaya-vertikal-kaberne-fran-krasnoe-suhoe-142/04_agent.jpg
q-000643	chateau-de-talu-yuzhnaya-vertikal-kaberne-fran-rezerv-krasnoe-suhoe-146/02_agent.png
q-000644	chateau-de-talu-yuzhnaya-vertikal-kaberne-fran-rezerv-krasnoe-suhoe-146/03_agent.jpg
q-000645	chateau-de-talu-yuzhnaya-vertikal-kaberne-fran-rezerv-krasnoe-suhoe-146/04_agent.jpg
q-000646	chateau-le-grand-vostock-kyuve-karsov-rezerv-shardone-beloe-suhoe-14/01_conf095.jpg
q-000647	chateau-le-grand-vostock-kyuve-karsov-rezerv-shardone-beloe-suhoe-14/04_agent.webp
q-000648	chateau-le-grand-vostock-kyuve-karsov-rezerv-shardone-beloe-suhoe-14/05_agent.webp
q-000649	chateau-le-grand-vostock-kyuve-karsov-rezerv-shardone-beloe-suhoe-14/06_agent.webp
q-000650	chateau-le-grand-vostock-kyuve-karsov-rezerv-shardone-beloe-suhoe-14/07_agent.jpg
q-000651	chateau-tamagne-eno-amber/02_agent.png
q-000652	chateau-tamagne-eno-traminer-i-shardone/01_agent.jpg
q-000653	chateau-tamagne-grand-dessert-nectar/02_agent.webp
q-000654	chateau-tamagne-grand-dessert-nectar/03_agent.webp
q-000655	chateau-tamagne-grand-dessert-nectar/04_agent.png
q-000656	chateau-tamagne-nature-orange/01_conf095.jpg
q-000657	chateau-tamagne-nature-orange/02_conf095.jpg
q-000658	chateau-tamagne-nature-orange/03_conf095.jpg
q-000659	chateau-tamagne-nature-orange/04_conf095.jpg
q-000660	chateau-tamagne-nature-vert/01_conf095.jpg
q-000661	chateau-tamagne-nature-vert/02_conf095.jpg
q-000662	chateau-tamagne-nature-vert/03_conf090.jpg
q-000663	chateau-tamagne-select-blanc-brut/05_agent.webp
q-000664	chateau-tamagne-select-blanc/01_conf095.jpg
q-000665	chateau-tamagne-select-blanc/02_conf095.jpg
q-000666	chateau-tamagne-select-blanc/04_conf092.jpg
q-000667	chteau-le-grand-vostock-aligote-aligote-beloe-suhoe-125/01_conf095.jpg
q-000668	chteau-le-grand-vostock-aligote-aligote-beloe-suhoe-125/02_conf095.jpg
q-000669	chteau-le-grand-vostock-aligote-aligote-beloe-suhoe-125/03_conf095.jpg
q-000670	chteau-le-grand-vostock-aligote-aligote-beloe-suhoe-125/04_conf095.jpg
q-000671	chteau-le-grand-vostock-aligote-reserve-aligote-beloe-suhoe-13/04_agent.png
q-000672	chteau-le-grand-vostock-cabernet-sauvignon-kaberne-sovinon-krasnoe-suhoe-14/01_agent.jpg
q-000673	chteau-le-grand-vostock-cabernet-sauvignon-kaberne-sovinon-krasnoe-suhoe-14/02_agent.jpg
q-000674	chteau-le-grand-vostock-cabernet-sauvignon-reserve-kaberne-sovinon-krasnoe-suhoe-14/01_conf090.jpg
q-000675	chteau-le-grand-vostock-cabernet-sauvignon-reserve-kaberne-sovinon-krasnoe-suhoe-14/02_manual.jpg
q-000676	chteau-le-grand-vostock-cadet-karsov-shardone-beloe-suhoe-135/02_agent.webp
q-000677	chteau-le-grand-vostock-cadet-karsov-shardone-beloe-suhoe-135/03_agent.webp
q-000678	chteau-le-grand-vostock-cadet-karsov-shardone-beloe-suhoe-135/04_agent.webp
q-000679	chteau-le-grand-vostock-chardonnay-reserve-shardone-beloe-suhoe-14/02_agent.png
q-000680	chteau-le-grand-vostock-chardonnay-shardone-beloe-suhoe-14/01_conf095.jpg
q-000681	chteau-le-grand-vostock-chardonnay-shardone-beloe-suhoe-14/02_conf095.jpg
q-000682	chteau-le-grand-vostock-cuvee-karsov-reserve-shardone-beloe-suhoe-14/01_conf095.jpg
q-000683	chteau-le-grand-vostock-merlot-merlo-krasnoe-suhoe-14/01_conf095.jpg
q-000684	chteau-le-grand-vostock-pinot-gris-reserve-pino-gri-beloe-suhoe-135/01_conf095.jpg
q-000685	chteau-le-grand-vostock-pinot-gris-rose-reserve-pino-gri-rozovoe-suhoe-14/01_conf095.jpg
q-000686	chteau-le-grand-vostock-sauvignon-blanc-reserve-sovinon-blan-beloe-suhoe-14/01_conf095.jpg
q-000687	chteau-le-grand-vostock-sauvignon-blanc-reserve-sovinon-blan-beloe-suhoe-14/02_agent.jpg
q-000688	chteau-le-grand-vostock-sauvignon-blanc-reserve-sovinon-blan-beloe-suhoe-14/03_agent.jpg
q-000689	chteau-le-grand-vostock-sauvignon-blanc-reserve-sovinon-blan-beloe-suhoe-14/04_agent.png
q-000690	chteau-le-grand-vostock-sauvignon-blanc-sovinon-blan-beloe-suhoe-14/01_conf095.jpg
q-000691	chteau-le-grand-vostock-sauvignon-blanc-sovinon-blan-beloe-suhoe-14/02_agent.jpg
q-000692	chteau-le-grand-vostock-sauvignon-blanc-sovinon-blan-beloe-suhoe-14/03_agent.jpg
q-000693	chteau-le-grand-vostock-sauvignon-blanc-sovinon-blan-beloe-suhoe-14/04_agent.jpg
q-000694	chteau-le-grand-vostock-sauvignon-blanc-sovinon-blan-beloe-suhoe-14/05_agent.jpg
q-000695	chteau-le-grand-vostock-vostock-blanc-sovinon-blan-beloe-suhoe-135/01_conf095.jpg
q-000696	chteau-le-grand-vostock-vostock-blanc-sovinon-blan-beloe-suhoe-135/02_conf095.jpg
q-000697	chteau-le-grand-vostock-vostock-blanc-sovinon-blan-beloe-suhoe-135/03_conf095.jpg
q-000698	chteau-le-grand-vostock-vostock-blanc-sovinon-blan-beloe-suhoe-135/04_conf095.jpg
q-000699	chteau-le-grand-vostock-vostock-blanc-sovinon-blan-beloe-suhoe-135/05_agent.jpg
q-000700	chteau-le-grand-vostock-vostock-blanc-sovinon-blan-beloe-suhoe-135/06_agent.jpg
q-000701	chteau-le-grand-vostock-vostock-blanc-sovinon-blan-beloe-suhoe-135/07_agent.jpg
q-000702	cira-avtorskoe-vino/01_conf095.jpg
q-000703	cira-avtorskoe-vino/02_conf095.jpg
q-000704	cira-avtorskoe-vino/04_agent.jpg
q-000705	cira-avtorskoe-vino/05_agent.jpg
q-000706	cira-avtorskoe-vino/06_agent.jpg
q-000707	cloudy-winery-dubrovskiy-bordeaux-blend-kaberne-fran-krasnoe-suhoe-14/01_conf095.png
q-000708	cosaque-krasnaya-gorka/01_conf095.jpg
q-000709	cru-lermont-risling/05_agent.jpg
q-000710	cru-lermont-risling/06_agent.jpg
q-000711	cuvee-de-vitmer-brut/02_agent.jpg
q-000712	cuvee-de-vitmer-brut/03_agent.jpg
q-000713	cuvee-de-vitmer-brut/04_agent.jpg
q-000714	czimlyanskoe-beloe-polusladkoe/01_conf095.jpg
q-000715	czimlyanskoe-beloe-polusladkoe/02_conf095.jpg
q-000716	czimlyanskoe-beloe-polusladkoe/03_conf095.jpg
q-000717	czimlyanskoe-beloe-polusladkoe/04_conf095.jpg
q-000718	czimlyanskoe-beloe-polusladkoe/05_agent.jpg
q-000719	czimlyanskoe-beloe-polusladkoe/06_agent.jpg
q-000720	czimlyanskoe-beloe-polusladkoe/07_agent.jpg
q-000721	czimlyanskoe-beloe-polusladkoe/08_agent.jpg
q-000722	czimlyanskoe-bianka/04_agent.png
q-000723	czimlyanskoe-bianka/06_agent.jpg
q-000724	czimlyanskoe-risling/01_conf095.jpg
q-000725	david-2021/03_agent.png
q-000726	david-2021/04_agent.jpg
q-000727	denisov-winery-petnat-tsitron-risling-tsitronnyy-magaracha-beloe-ekstra-bryut-102/01_conf095.jpg
q-000728	denisov-winery-pino-nuar-rozovoe-suhoe-125/01_conf095.jpg
q-000729	derbent-vino-di-kaspiko-kaberne-sovinon-krasnoe-suhoe-135/01_conf090.jpg
q-000730	derbent-vino-di-kaspiko-kaberne-sovinon-krasnoe-suhoe-135/02_agent.jpg
q-000731	derbent-vino-di-kaspiko-kaberne-sovinon-krasnoe-suhoe-135/03_agent.webp
q-000732	derbent-vino-di-kaspiko-kaberne-sovinon-krasnoe-suhoe-135/04_agent.jpg
q-000733	derbent-vino-di-kaspiko-merlo-krasnoe-suhoe-13/01_conf095.jpg
q-000734	derbent-vino-di-kaspiko-merlo-krasnoe-suhoe-13/02_conf095.jpg
q-000735	derbent-vino-di-kaspiko-merlo-krasnoe-suhoe-13/03_conf095.jpg
q-000736	derbent-vino-di-kaspiko-merlo-krasnoe-suhoe-13/04_conf090.jpg
q-000737	derbent-vino-di-kaspiko-risling-beloe-suhoe-12/01_conf095.jpg
q-000738	derbent-vino-di-kaspiko-risling-beloe-suhoe-12/02_conf095.jpg
q-000739	derbent-vino-di-kaspiko-risling-beloe-suhoe-12/03_conf090.jpg
q-000740	derbent-vino-di-kaspiko-rkatsiteli-beloe-suhoe-12/01_conf095.jpg
q-000741	derbent-vino-di-kaspiko-roze-shardone-rozovoe-suhoe-12/01_conf095.jpg
q-000742	derbent-vino-di-kaspiko-roze-shardone-rozovoe-suhoe-12/02_conf095.jpg
q-000743	derbent-vino-di-kaspiko-roze-shardone-rozovoe-suhoe-12/03_conf095.jpg
q-000744	derbent-vino-di-kaspiko-roze-shardone-rozovoe-suhoe-12/04_conf090.jpg
q-000745	derbent-vino-di-kaspiko-shardone-beloe-suhoe-125/01_conf098.jpg
q-000746	derbent-vino-di-kaspiko-sovinon-sovinon-blan-beloe-suhoe-12/01_conf095.jpg
q-000747	derbent-vino-di-kaspiko-sovinon-sovinon-blan-beloe-suhoe-12/02_conf095.jpg
q-000748	derbent-vino-di-kaspiko-sovinon-sovinon-blan-beloe-suhoe-12/03_conf095.jpg
q-000749	derbent-vino-di-kaspiko-sovinon-sovinon-blan-beloe-suhoe-12/04_agent.jpg
q-000750	derbent-vino-endemy-aligote-beloe-bryut-105-125/01_conf095.jpg
q-000751	derbent-vino-endemy-aligote-beloe-bryut-105-125/02_conf095.jpg
q-000752	derbent-vino-endemy-aligote-beloe-bryut-105-125/03_conf095.jpg
q-000753	derbent-vino-endemy-kaberne-fran-krasnoe-suhoe-13/01_conf095.jpg
q-000754	derbent-vino-endemy-merlo-krasnoe-suhoe-13/01_agent.png
q-000755	derbent-vino-endemy-merlo-krasnoe-suhoe-13/02_agent.jpg
q-000756	derbent-vino-endemy-merlo-krasnoe-suhoe-13/03_agent.jpg
q-000757	derbent-vino-endemy-pino-nuar-rozovoe-bryut-105-125/01_conf095.jpg
q-000758	derbent-vino-endemy-pino-nuar-rozovoe-bryut-105-125/02_conf095.jpg
q-000759	derbent-vino-endemy-pino-nuar-rozovoe-bryut-105-125/03_conf095.jpg
q-000760	derbent-vino-endemy-pino-nuar-rozovoe-bryut-105-125/04_conf095.jpg
q-000761	derbent-vino-endemy-pino-nuar-rozovoe-bryut-105-125/05_agent.webp
q-000762	derbent-vino-endemy-pino-nuar-rozovoe-bryut-105-125/06_agent.webp
q-000763	derbent-vino-endemy-pino-nuar-rozovoe-bryut-105-125/07_agent.webp
q-000764	derbent-vino-endemy-pino-nuar-rozovoe-bryut-105-125/08_agent.webp
q-000765	derbent-vino-endemy-risling-beloe-bryut-105-125/01_conf095.jpg
q-000766	derbent-vino-endemy-risling-beloe-bryut-105-125/02_conf095.jpg
q-000767	derbent-vino-endemy-risling-beloe-bryut-105-125/03_conf095.jpg
q-000768	derbent-vino-endemy-risling-beloe-bryut-105-125/04_conf095.jpg
q-000769	derbent-vino-endemy-saperavi-krasnoe-suhoe-13/01_agent.png
q-000770	derbent-vino-endemy-saperavi-krasnoe-suhoe-13/02_agent.png
q-000771	derbent-vino-endemy-saperavi-krasnoe-suhoe-13/03_agent.jpg
q-000772	derbent-vino-endemy-shardone-beloe-bryut-105-125/01_conf095.jpg
q-000773	derbent-vino-endemy-shardone-beloe-bryut-105-125/02_conf095.jpg
q-000774	derbent-vino-endemy-shardone-beloe-bryut-105-125/03_conf095.jpg
q-000775	derbent-vino-endemy-shardone-beloe-bryut-105-125/04_conf095.jpg
q-000776	derbent-vino-endemy-shardone-beloe-suhoe-13/01_conf095.jpg
q-000777	derbent-vino-endemy-shardone-beloe-suhoe-13/02_conf095.jpg
q-000778	derbent-vino-endemy-shardone-beloe-suhoe-13/03_conf095.jpg
q-000779	derbent-vino-endemy-shardone-beloe-suhoe-13/04_conf095.jpg
q-000780	derbent-vino-endemy-sovinon-beloe-bryut-105-125/01_conf095.jpg
q-000781	derbent-vino-endemy-sovinon-beloe-bryut-105-125/02_conf095.jpg
q-000782	derbent-vino-endemy-sovinon-beloe-bryut-105-125/03_conf095.jpg
q-000783	derbent-vino-endemy-sovinon-beloe-bryut-105-125/04_conf095.jpg
q-000784	derbent-vino-graf-vorontsov-beloe-polusladkoe-sovinon-blan-105-125/01_conf095.jpg
q-000785	derbent-vino-graf-vorontsov-beloe-polusladkoe-sovinon-blan-105-125/02_conf095.jpg
q-000786	derbent-vino-graf-vorontsov-beloe-polusladkoe-sovinon-blan-105-125/03_conf095.jpg
q-000787	derbent-vino-graf-vorontsov-beloe-polusladkoe-sovinon-blan-105-125/04_conf095.jpg
q-000788	derbent-vino-graf-vorontsov-bryut-beloe-sovinon-blan-105-125/01_conf095.jpg
q-000789	derbent-vino-graf-vorontsov-bryut-beloe-sovinon-blan-105-125/02_conf095.jpg
q-000790	derbent-vino-graf-vorontsov-bryut-beloe-sovinon-blan-105-125/03_conf095.jpg
q-000791	derbent-vino-graf-vorontsov-bryut-beloe-sovinon-blan-105-125/04_conf090.jpg
q-000792	derbent-vino-graf-vorontsov-bryut-beloe-sovinon-blan-105-125/05_manual.jpg
q-000793	derbent-vino-graf-vorontsov-bryut-rozovoe-pervenets-magaracha-105-125/01_conf095.jpg
q-000794	derbent-vino-graf-vorontsov-bryut-rozovoe-pervenets-magaracha-105-125/02_conf095.jpg
q-000795	derbent-vino-kavkazian-saperavi-krasnoe-suhoe-105-125/01_conf095.jpg
q-000796	domaine-de-la-vivandiere-sibirkovyy-fresh-beloe-suhoe-125/01_manual.webp
q-000797	domaine-de-la-vivandiere-sibirkovyy-sur-lies-beloe-suhoe-121/01_agent.jpg
q-000798	domaine-de-la-vivandiere-tsimlyanskiy-chyornyy-ctes-du-don-tsimlyanskiy-chernyy-rozovoe-suhoe-134/01_agent.jpg
q-000799	domaine-lipko-blaufrankish-krasnoe-suhoe-126/01_conf095.webp
q-000800	domaine-lipko-blaufrankish-krasnoe-suhoe-126/02_manual.png
q-000801	domaine-lipko-blaufrankish-krasnoe-suhoe-126/03_manual.jpg
q-000802	domaine-lipko-blaufrankish-krasnoe-suhoe-126/04_manual.jpg
q-000803	domaine-lipko-petit-verdot-domaine-lipko-pti-verdo-krasnoe-suhoe-14/01_conf095.webp
q-000804	domaine-lipko-pino-nuar-krasnoe-suhoe-12/01_agent.webp
q-000805	domaine-lipko-riesling-m-domaine-lipko-risling-beloe-suhoe-102/01_conf095.webp
q-000806	domaine-lipko-riesling-m-domaine-lipko-risling-beloe-suhoe-102/02_conf090.webp
q-000807	domaine-lipko-syrah-domaine-lipko-sira-krasnoe-suhoe-14/01_conf095.webp
q-000808	domaine-lipko-white-blend-lipko-muskat-belyy-beloe-polusuhoe-115/01_conf095.jpg
q-000809	domaine-lipko-white-blend-lipko-muskat-belyy-beloe-polusuhoe-115/02_conf095.webp
q-000810	domaine-lipko-white-blend-lipko-muskat-belyy-beloe-polusuhoe-115/03_manual.jpg
q-000811	dubinin-winery-merlo-roze-rozovoe-suhoe-125/01_agent.jpg
q-000812	dva-brata-pet-nat-kokur-2024/01_agent.jpg
q-000813	dva-serdtsa-kaberne-fran-krasnoe-suhoe-14/01_agent.jpg
q-000814	dva-serdtsa-kokur-beloe-suhoe-125/01_agent.jpg
q-000815	dva-serdtsa-kokur-beloe-suhoe-125/02_agent.webp
q-000816	dva-serdtsa-vione-beloe-suhoe-125/01_conf095.jpg
q-000817	esse-brut-cuvee-prestige-shardone-beloe-ekstra-bryut-115/02_manual.webp
q-000818	esse-brut-cuvee-prestige-shardone-beloe-ekstra-bryut-115/03_manual.jpg
q-000819	esse-brut-cuvee-prestige-shardone-beloe-ekstra-bryut-115/04_manual.jpg
q-000820	esse-brut-zero-dosage-shardone-beloe-ekstra-bryut-12/01_conf095.jpg
q-000821	esse-brut-zero-dosage-shardone-beloe-ekstra-bryut-12/02_conf095.jpg
q-000822	esse-brut-zero-dosage-shardone-beloe-ekstra-bryut-12/03_conf095.jpg
q-000823	esse-brut-zero-dosage-shardone-beloe-ekstra-bryut-135/01_conf095.jpg
q-000824	esse-brut-zero-dosage-shardone-beloe-ekstra-bryut-135/02_conf095.jpg
q-000825	esse-brut-zero-dosage-shardone-beloe-ekstra-bryut-135/03_conf095.jpg
q-000826	esse-demi-sec-muscat-nectar-muskat-belyy-beloe-ekstra-bryut-115/01_conf095.jpg
q-000827	esse-esse-millesime-brut-zero-dosage-shardone-beloe-ekstra-bryut-115/01_conf095.jpg
q-000828	esse-esse-millesime-brut-zero-dosage-shardone-beloe-ekstra-bryut-115/02_conf095.jpg
q-000829	esse-esse-millesime-brut-zero-dosage-shardone-beloe-ekstra-bryut-115/03_conf095.jpg
q-000830	esse-esse-millesime-brut-zero-dosage-shardone-beloe-ekstra-bryut-115/04_manual.webp
q-000831	esse-esse-millesime-brut-zero-dosage-shardone-beloe-ekstra-bryut-115/05_manual.png
q-000832	esse-esse-millesime-brut-zero-dosage-shardone-beloe-ekstra-bryut-115/06_manual.webp
q-000833	esse-esse-shardone-beloe-suhoe-125/01_agent.jpg
q-000834	esse-gevyurtstraminer-beloe-suhoe-12/01_conf095.jpg
q-000835	esse-kaberne-fran-krasnoe-suhoe-13/02_conf095.jpg
q-000836	esse-kaberne-otbornoe-kaberne-sovinon-krasnoe-suhoe-12/01_conf095.jpg
q-000837	esse-kaberne-otbornoe-kaberne-sovinon-krasnoe-suhoe-12/02_conf095.jpg
q-000838	esse-kaberne-sovinon-krasnoe-suhoe-14/01_conf095.jpg
q-000839	esse-kaberne-sovinon-krasnoe-suhoe-14/02_conf095.jpg
q-000840	esse-kaberne-sovinon-krasnoe-suhoe-14/03_conf095.jpg
q-000841	esse-kaberne-sovinon-krasnoe-suhoe-14/04_conf095.jpg
q-000842	esse-mama-marselan-krasnoe-suhoe-115/01_conf095.jpg
q-000843	esse-mama-marselan-krasnoe-suhoe-115/02_conf095.jpg
q-000844	esse-mama-marselan-krasnoe-suhoe-115/03_conf095.jpg
q-000845	esse-mama-marselan-krasnoe-suhoe-135/01_conf095.jpg
q-000846	esse-mama-marselan-krasnoe-suhoe-135/02_conf095.jpg
q-000847	esse-merlo-krasnoe-suhoe-135/01_conf095.jpg
q-000848	esse-merlo-krasnoe-suhoe-135/02_conf095.jpg
q-000849	esse-merlo-krasnoe-suhoe-135/03_conf095.jpg
q-000850	esse-merlo-otbornoe-krasnoe-suhoe-13/01_conf095.jpg
q-000851	esse-merlo-otbornoe-krasnoe-suhoe-13/02_conf095.jpg
q-000852	esse-merlo-otbornoe-krasnoe-suhoe-13/03_conf095.jpg
q-000853	esse-muskat-belyy-beloe-suhoe-135/01_conf095.jpg
q-000854	esse-muskat-muskat-belyy-beloe-ekstra-bryut-115/01_conf095.jpg
q-000855	esse-muskat-muskat-belyy-beloe-suhoe-115/01_conf095.jpg
q-000856	esse-muskat-muskat-belyy-beloe-suhoe-115/02_conf090.jpg
q-000857	esse-nectar-muscat-muskat-belyy-beloe-polusuhoe-12/01_conf095.jpg
q-000858	esse-odessa-black-odesskiy-chernyy-krasnoe-suhoe-12/01_conf095.jpg
q-000859	esse-odessa-black-odesskiy-chernyy-krasnoe-suhoe-12/02_conf095.jpg
q-000860	esse-odessa-black-odesskiy-chernyy-krasnoe-suhoe-12/03_conf095.jpg
q-000861	esse-pino-gri-beloe-suhoe-12/01_agent.webp
q-000862	esse-pino-gri-beloe-suhoe-12/02_agent.jpg
q-000863	esse-prirodno-polusladkoe-beloe-risling-125/01_conf095.jpg
q-000864	esse-prirodno-polusladkoe-beloe-risling-125/02_conf090.jpg
q-000865	esse-prirodno-polusladkoe-krasnoe-merlo-13/01_conf095.jpg
q-000866	esse-prirodno-polusladkoe-krasnoe-merlo-13/02_conf095.jpg
q-000867	esse-prirodno-polusladkoe-krasnoe-merlo-13/03_conf095.jpg
q-000868	esse-risling-beloe-suhoe-115/01_conf090.jpg
q-000869	esse-rkatsiteli-beloe-suhoe-125/01_conf095.jpg
q-000870	esse-rkatsiteli-beloe-suhoe-125/02_conf095.jpg
q-000871	esse-rkatsiteli-beloe-suhoe-125/03_conf090.jpg
q-000872	esse-rkatsiteli-oranzh-beloe-suhoe-12/01_conf095.jpg
q-000873	esse-rkatsiteli-oranzh-beloe-suhoe-12/02_conf095.jpg
q-000874	esse-rkatsiteli-syur-li-beloe-suhoe-125/01_agent.jpg
q-000875	esse-rkatsiteli-syur-li-beloe-suhoe-125/02_agent.webp
q-000876	esse-rose-cuvee-prestige-pino-nuar-rozovoe-bryut-115/01_conf095.jpg
q-000877	esse-rose-cuvee-prestige-pino-nuar-rozovoe-bryut-115/02_conf095.jpg
q-000878	esse-rose-cuvee-prestige-pino-nuar-rozovoe-bryut-13/01_conf095.jpg
q-000879	esse-rose-cuvee-prestige-pino-nuar-rozovoe-bryut-13/02_conf095.jpg
q-000880	esse-roze-kaberne-sovinon-rozovoe-suhoe-135/01_conf090.jpg
q-000881	esse-roze-kaberne-sovinon-rozovoe-suhoe-135/02_conf090.jpg
q-000882	esse-rubinovyy-rubinovyy-magaracha-krasnoe-suhoe-12/01_agent.jpg
q-000883	esse-rubinovyy-rubinovyy-magaracha-krasnoe-suhoe-12/02_agent.jpg
q-000884	esse-sangiovese-sandzhoveze-krasnoe-suhoe-135/01_agent.webp
q-000885	esse-sangiovese-sandzhoveze-krasnoe-suhoe-135/02_agent.jpg
q-000886	esse-sangiovese-sandzhoveze-krasnoe-suhoe-135/03_manual.jpg
q-000887	esse-sangiovese-sandzhoveze-krasnoe-suhoe-135/04_manual.webp
q-000888	esse-sangiovese-sandzhoveze-krasnoe-suhoe-135/05_manual.webp
q-000889	esse-saperavi-heaven-krasnoe-suhoe-13/01_conf095.jpg
q-000890	esse-saperavi-krasnoe-suhoe-13/01_conf095.jpg
q-000891	esse-saperavi-krasnoe-suhoe-13/02_conf090.jpg
q-000892	esse-shardone-otbornoe-beloe-suhoe-12/01_agent.png
q-000893	esse-shardone-otbornoe-beloe-suhoe-12/02_agent.webp
q-000894	esse-sovinon-blan-beloe-suhoe-12/01_conf095.jpg
q-000895	esse-sovinon-blan-beloe-suhoe-12/02_conf095.jpg
q-000896	esse-sovinon-blan-beloe-suhoe-12/03_conf095.jpg
q-000897	esse-vione-beloe-suhoe-13/01_conf090.jpg
q-000898	esse-vione-beloe-suhoe-13/02_conf090.jpg
q-000899	evolution-pinot-noir-bryut-beloe/01_agent.webp
q-000900	evolution-pinot-noir-bryut-rozovoe/02_agent.webp
q-000901	evolution-pinot-noir/01_agent.webp
q-000902	evolution-reserve-pinot-noir/01_agent.webp
q-000903	fanagoriya-100-ottenkov-krasnogo-kaberne-kaberne-sovinon-krasnoe-suhoe-135/01_conf095.jpg
q-000904	fanagoriya-100-ottenkov-krasnogo-kaberne-kaberne-sovinon-krasnoe-suhoe-135/02_conf095.jpg
q-000905	fanagoriya-100-ottenkov-krasnogo-kaberne-kaberne-sovinon-krasnoe-suhoe-135/03_conf095.jpg
q-000906	fanagoriya-100-ottenkov-krasnogo-kaberne-kaberne-sovinon-krasnoe-suhoe-135/04_agent.webp
q-000907	fanagoriya-100-ottenkov-krasnogo-kaberne-kaberne-sovinon-krasnoe-suhoe-135/05_agent.webp
q-000908	fanagoriya-100-ottenkov-krasnogo-kaberne-kaberne-sovinon-krasnoe-suhoe-135/06_agent.webp
q-000909	fanagoriya-100-ottenkov-krasnogo-kaberne-kaberne-sovinon-krasnoe-suhoe-135/07_agent.webp
q-000910	fanagoriya-100-ottenkov-krasnogo-pino-nuar-krasnoe-suhoe-135/02_conf095.jpg
q-000911	fanagoriya-100-ottenkov-krasnogo-pino-nuar-krasnoe-suhoe-135/03_agent.webp
q-000912	fanagoriya-100-ottenkov-krasnogo-pino-nuar-krasnoe-suhoe-135/04_agent.webp
q-000913	fanagoriya-100-ottenkov-krasnogo-pino-nuar-krasnoe-suhoe-135/05_agent.webp
q-000914	fanagoriya-100-ottenkov-krasnogo-pino-nuar-krasnoe-suhoe-135/06_agent.webp
q-000915	fanagoriya-100-ottenkov-krasnogo-saperavi-krasnoe-suhoe-14/01_conf095.jpg
q-000916	fanagoriya-100-ottenkov-krasnogo-saperavi-krasnoe-suhoe-14/02_conf095.jpg
q-000917	fanagoriya-100-ottenkov-shardone-beloe-suhoe-14/01_agent.jpg
q-000918	fanagoriya-100-ottenkov-shardone-beloe-suhoe-14/02_manual.webp
q-000919	fanagoriya-100-ottenkov-shardone-beloe-suhoe-14/03_manual.webp
q-000920	fanagoriya-100-ottenkov-shardone-beloe-suhoe-14/04_manual.webp
q-000921	fanagoriya-100-ottenkov-shardone-beloe-suhoe-14/05_manual.jpg
q-000922	fanagoriya-100-ottenkov-shardone-beloe-suhoe-14/06_manual.png
q-000923	fanagoriya-100-ottenkov-shardone-beloe-suhoe-14/07_manual.webp
q-000924	fanagoriya-101-ottenok-krasnogo-kaberne-kaberne-sovinon-krasnoe-suhoe-14/01_agent.png
q-000925	fanagoriya-101-ottenok-krasnogo-kaberne-kaberne-sovinon-krasnoe-suhoe-14/02_manual.jpg
q-000926	fanagoriya-101-ottenok-krasnogo-kaberne-kaberne-sovinon-krasnoe-suhoe-14/03_manual.webp
q-000927	fanagoriya-101-ottenok-krasnogo-kaberne-kaberne-sovinon-krasnoe-suhoe-14/04_manual.png
q-000928	fanagoriya-101-ottenok-krasnogo-kaberne-kaberne-sovinon-krasnoe-suhoe-14/05_manual.jpg
q-000929	fanagoriya-101-ottenok-krasnogo-pino-nuar-krasnoe-suhoe-135/01_manual.webp
q-000930	fanagoriya-5-elements-bryut-beloe-pino-gri-igristoe-bryut-beloe-125/01_agent.jpg
q-000931	fanagoriya-5-elements-bryut-beloe-pino-gri-igristoe-bryut-beloe-125/02_manual.jpg
q-000932	fanagoriya-5-elements-bryut-rozovoe-saperavi-igristoe-bryut-rozovoe-125/01_agent.jpg
q-000933	fanagoriya-5-elements-bryut-rozovoe-saperavi-igristoe-bryut-rozovoe-125/02_agent.jpg
q-000934	fanagoriya-alta-qortis-saperavi-krasnoe-suhoe-145/01_agent.jpg
q-000935	fanagoriya-alveus-ultra-cuvee-ekstra-bryut-beloe-risling-reynskiy-12/01_agent.jpg
q-000936	fanagoriya-alveus-ultra-cuvee-ekstra-bryut-beloe-risling-reynskiy-12/02_agent.webp
q-000937	fanagoriya-alveus-ultra-cuvee-ekstra-bryut-rozovoe-merlo-12/01_conf095.jpg
q-000938	fanagoriya-blanc-de-blancs-shardone-beloe-bryut-12/01_conf095.jpg
q-000939	fanagoriya-brule-cabernet-franc-polusuhoe-rozovoe-kaberne-fran-12/01_conf095.jpg
q-000940	fanagoriya-brule-cabernet-sauvignon-polusladkoe-krasnoe-kaberne-sovinon-125/01_conf095.png
q-000941	fanagoriya-brule-cuve-brut-rozovoe-merlo-igristoe-bryut-rozovoe-12/01_conf095.jpg
q-000942	fanagoriya-brule-cuve-brut-rozovoe-merlo-igristoe-bryut-rozovoe-12/02_conf090.jpg
q-000943	fanagoriya-brule-cuve-brut-rozovoe-merlo-igristoe-bryut-rozovoe-12/03_conf090.jpg
q-000944	fanagoriya-brule-frizzante-brut-beloe-pino-nuar-bryut-115/01_conf090.jpg
q-000945	fanagoriya-brule-frizzante-brut-beloe-pino-nuar-bryut-115/03_manual.jpg
q-000946	fanagoriya-brule-frizzante-brut-beloe-pino-nuar-bryut-115/04_manual.jpg
q-000947	fanagoriya-brule-frizzante-brut-beloe-pino-nuar-bryut-115/05_manual.jpg
q-000948	fanagoriya-brule-frizzante-brut-beloe-pino-nuar-bryut-115/06_manual.jpg
q-000949	fanagoriya-brule-frizzante-brut-rozovoe-merlo-igristoe-bryut-rozovoe-115/01_conf095.jpg
q-000950	fanagoriya-brule-frizzante-brut-rozovoe-merlo-igristoe-bryut-rozovoe-115/02_conf095.jpg
q-000951	fanagoriya-brule-frizzante-brut-rozovoe-merlo-igristoe-bryut-rozovoe-115/03_conf095.jpg
q-000952	fanagoriya-brule-frizzante-brut-rozovoe-merlo-igristoe-bryut-rozovoe-115/04_conf095.jpg
q-000953	fanagoriya-brule-frizzante-brut-rozovoe-merlo-igristoe-bryut-rozovoe-115/05_manual.webp
q-000954	fanagoriya-brule-frizzante-brut-rozovoe-merlo-igristoe-bryut-rozovoe-115/06_manual.jpg
q-000955	fanagoriya-brule-frizzante-brut-rozovoe-merlo-igristoe-bryut-rozovoe-115/07_manual.jpg
q-000956	fanagoriya-brule-frizzante-polusladkoe-beloe-pino-nuar-11/01_conf095.jpg
q-000957	fanagoriya-brule-frizzante-polusladkoe-beloe-pino-nuar-11/02_conf095.jpg
q-000958	fanagoriya-brule-frizzante-polusladkoe-beloe-pino-nuar-11/03_conf095.jpg
q-000959	fanagoriya-brule-frizzante-polusladkoe-beloe-pino-nuar-11/04_conf095.jpg
q-000960	fanagoriya-brule-frizzante-polusladkoe-beloe-pino-nuar-11/05_manual.jpg
q-000961	fanagoriya-brule-frizzante-polusladkoe-beloe-pino-nuar-11/06_manual.jpg
q-000962	fanagoriya-brule-frizzante-polusladkoe-beloe-pino-nuar-11/07_manual.jpg
q-000963	fanagoriya-brule-frizzante-polusladkoe-beloe-pino-nuar-11/08_manual.jpg
q-000964	fanagoriya-brule-frizzante-polusladkoe-beloe-pino-nuar-11/09_manual.jpg
q-000965	fanagoriya-brule-frizzante-polusladkoe-beloe-pino-nuar-11/10_manual.jpg
q-000966	fanagoriya-brule-frizzante-polusladkoe-beloe-pino-nuar-11/11_manual.jpg
q-000967	fanagoriya-brule-frizzante-polusladkoe-beloe-pino-nuar-11/12_manual.jpg
q-000968	fanagoriya-brule-muscat-ottonel-brut-muskat-ottonel-beloe-polusladkoe-12/01_conf095.jpg
q-000969	fanagoriya-brule-muscat-ottonel-brut-muskat-ottonel-beloe-polusladkoe-12/02_conf095.jpg
q-000970	fanagoriya-brule-muscat-ottonel-brut-muskat-ottonel-beloe-polusladkoe-12/03_conf095.jpg
q-000971	fanagoriya-brule-muscat-ottonel-brut-muskat-ottonel-beloe-polusladkoe-12/04_conf095.jpg
q-000972	fanagoriya-brule-muscat-ottonel-polusladkoe-muskat-ottonel-beloe-115/01_conf095.jpg
q-000973	fanagoriya-brule-muscat-ottonel-polusladkoe-muskat-ottonel-beloe-115/02_conf095.jpg
q-000974	fanagoriya-brule-muscat-ottonel-polusladkoe-muskat-ottonel-beloe-115/03_conf095.jpg
q-000975	fanagoriya-brule-muscat-ottonel-polusladkoe-muskat-ottonel-beloe-115/04_conf095.jpg
q-000976	fanagoriya-brule-sauvignon-blanc-brut-sovinon-blan-beloe-bryut-12/01_conf095.jpg
q-000977	fanagoriya-cru-lermont-cabernet-franc-kaberne-fran-krasnoe-suhoe-13/01_conf097.jpg
q-000978	fanagoriya-cru-lermont-cabernet-franc-kaberne-fran-krasnoe-suhoe-13/02_conf095.png
q-000979	fanagoriya-cru-lermont-cabernet-franc-kaberne-fran-krasnoe-suhoe-13/03_conf090.jpg
q-000980	fanagoriya-cru-lermont-cabernet-franc-kaberne-fran-krasnoe-suhoe-13/04_conf090.jpg
q-000981	fanagoriya-cru-lermont-cabernet-sauvignon-kaberne-sovinon-krasnoe-suhoe-13/01_conf095.jpg
q-000982	fanagoriya-cru-lermont-cabernet-sauvignon-kaberne-sovinon-krasnoe-suhoe-13/02_conf095.jpg
q-000983	fanagoriya-cru-lermont-cabernet-sauvignon-kaberne-sovinon-krasnoe-suhoe-13/03_conf095.jpg
q-000984	fanagoriya-cru-lermont-cabernet-sauvignon-kaberne-sovinon-krasnoe-suhoe-13/04_conf095.jpg
q-000985	fanagoriya-cru-lermont-merlo-merlo-krasnoe-suhoe-14/01_conf095.jpg
q-000986	fanagoriya-cru-lermont-merlo-merlo-krasnoe-suhoe-14/02_conf095.jpg
q-000987	fanagoriya-cru-lermont-merlo-merlo-krasnoe-suhoe-14/03_conf090.jpg
q-000988	fanagoriya-cru-lermont-pinot-noir-pino-nuar-krasnoe-suhoe-13/01_conf095.jpg
q-000989	fanagoriya-cru-lermont-pinot-noir-pino-nuar-krasnoe-suhoe-13/02_conf095.jpg
q-000990	fanagoriya-cru-lermont-pinot-noir-pino-nuar-krasnoe-suhoe-13/03_conf095.jpg
q-000991	fanagoriya-cru-lermont-pinot-noir-pino-nuar-krasnoe-suhoe-13/04_conf095.jpg
q-000992	fanagoriya-cru-lermont-rubinovyy-magaracha-krasnoe-suhoe-13/01_conf095.jpg
q-000993	fanagoriya-cru-lermont-rubinovyy-magaracha-krasnoe-suhoe-13/02_conf095.jpg
q-000994	fanagoriya-cru-lermont-rubinovyy-magaracha-krasnoe-suhoe-13/03_conf095.jpg
q-000995	fanagoriya-cru-lermont-saperavi-saperavi-krasnoe-suhoe-135/01_conf095.jpg
q-000996	fanagoriya-cru-lermont-saperavi-saperavi-krasnoe-suhoe-135/02_conf095.jpg
q-000997	fanagoriya-cru-lermont-saperavi-saperavi-krasnoe-suhoe-135/03_conf095.jpg
q-000998	fanagoriya-cru-lermont-saperavi-saperavi-krasnoe-suhoe-135/04_conf095.jpg
q-000999	fanagoriya-dekanter-formula-q-kaberne-sovinon-krasnoe-suhoe-135/01_conf095.jpg
q-001000	fanagoriya-dekanter-saperavi-2017-krasnoe-suhoe-135/01_conf095.jpg
q-001001	fanagoriya-dekanter-saperavi-2017-krasnoe-suhoe-135/02_conf095.jpg
q-001002	fanagoriya-dekanter-saperavi-2017-krasnoe-suhoe-135/03_conf095.jpg
q-001003	fanagoriya-fanagoria-extra-brut-rose-2019-pino-nuar-igristoe-bryut-rozovoe-ekstra-bryut-12/02_conf095.jpg
q-001004	fanagoriya-fanagoriya-blanc-de-blancs-beloe-iz-belogo-shardone-igristoe-bryut-beloe-11-13/01_conf095.jpg
q-001005	fanagoriya-fanagoriya-blanc-de-blancs-beloe-iz-belogo-shardone-igristoe-bryut-beloe-11-13/02_conf095.jpg
q-001006	fanagoriya-fanagoriya-blanc-de-noirs-beloe-iz-chyornogo-merlo-igristoe-bryut-beloe-11-13/01_conf095.jpg
q-001007	fanagoriya-fanagoriya-blanc-de-noirs-beloe-iz-chyornogo-merlo-igristoe-bryut-beloe-11-13/02_conf095.jpg
q-001008	fanagoriya-fanagoriya-blanc-de-noirs-beloe-iz-chyornogo-merlo-igristoe-bryut-beloe-11-13/03_conf095.jpg
q-001009	fanagoriya-fanagoriya-blanc-de-noirs-beloe-iz-chyornogo-merlo-igristoe-bryut-beloe-11-13/04_conf095.jpg
q-001010	fanagoriya-fanagoriya-bryut-beloe-sovinon-blan-igristoe-bryut-beloe-11-13/01_conf095.jpg
q-001011	fanagoriya-fanagoriya-bryut-beloe-sovinon-blan-igristoe-bryut-beloe-11-13/02_conf095.jpg
q-001012	fanagoriya-fanagoriya-bryut-beloe-sovinon-blan-igristoe-bryut-beloe-11-13/03_conf090.jpg
q-001013	fanagoriya-fanagoriya-bryut-rozovoe-sovinon-blan-igristoe-bryut-rozovoe-11-13/01_conf095.jpg
q-001014	fanagoriya-fanagoriya-bryut-rozovoe-sovinon-blan-igristoe-bryut-rozovoe-11-13/02_conf095.jpg
q-001015	fanagoriya-fanagoriya-bryut-rozovoe-sovinon-blan-igristoe-bryut-rozovoe-11-13/03_conf095.jpg
q-001016	fanagoriya-fanagoriya-bryut-rozovoe-sovinon-blan-igristoe-bryut-rozovoe-11-13/04_conf090.jpg
q-001017	fanagoriya-fanagoriya-polusladkoe-rozovoe-sovinon-blan-krasnoe-11-13/01_conf095.jpg
q-001018	fanagoriya-fanagoriya-polusladkoe-rozovoe-sovinon-blan-krasnoe-11-13/02_conf095.jpg
q-001019	fanagoriya-fanagoriya-polusladkoe-rozovoe-sovinon-blan-krasnoe-11-13/03_conf090.jpg
q-001020	fanagoriya-fanagoriya-rose-de-noirs-roze-de-nuar-merlo-igristoe-bryut-rozovoe-11-13/01_agent.jpg
q-001021	fanagoriya-fanagoriya-sakra-sennoy-krasnostop-krasnoe-suhoe-135/01_agent.webp
q-001022	fanagoriya-fanagoriya-sakra-sennoy-krasnostop-krasnoe-suhoe-135/02_agent.jpg
q-001023	fanagoriya-formula-q-saperavi-krasnoe-suhoe-135/01_agent.jpg
q-001024	fanagoriya-formula-q-saperavi-krasnoe-suhoe-135/02_agent.jpg
q-001025	fanagoriya-ice-wine-kaberne-kaberne-sovinon-krasnoe-sladkoe-11/01_conf095.jpg
q-001026	fanagoriya-ice-wine-kaberne-kaberne-sovinon-krasnoe-sladkoe-11/02_conf095.jpg
q-001027	fanagoriya-ice-wine-kaberne-kaberne-sovinon-krasnoe-sladkoe-11/03_conf095.jpg
q-001028	fanagoriya-ice-wine-kaberne-kaberne-sovinon-krasnoe-sladkoe-11/04_conf095.jpg
q-001029	fanagoriya-ice-wine-merlo-rozovoe-sladkoe-10/02_agent.webp
q-001030	fanagoriya-ice-wine-risling-tihoe-beloe-sladkoe-10/01_conf095.jpg
q-001031	fanagoriya-ice-wine-risling-tihoe-beloe-sladkoe-10/02_conf095.jpg
q-001032	fanagoriya-ice-wine-risling-tihoe-beloe-sladkoe-10/03_conf095.jpg
q-001033	fanagoriya-ice-wine-saperavi-tihoe-krasnoe-sladkoe-10/01_conf095.jpg
q-001034	fanagoriya-ice-wine-saperavi-tihoe-krasnoe-sladkoe-10/02_conf095.jpg
q-001035	fanagoriya-ice-wine-saperavi-tihoe-krasnoe-sladkoe-10/03_conf095.jpg
q-001036	fanagoriya-ice-wine-saperavi-tihoe-krasnoe-sladkoe-10/04_conf095.jpg
q-001037	fanagoriya-ledyanoe-vino-muskat-muskat-ottonel-beloe-sladkoe-11/01_conf095.jpg
q-001038	fanagoriya-ledyanoe-vino-muskat-muskat-ottonel-beloe-sladkoe-11/02_conf095.jpg
q-001039	fanagoriya-ledyanoe-vino-muskat-muskat-ottonel-beloe-sladkoe-11/03_conf095.jpg
q-001040	fanagoriya-ledyanoe-vino-muskat-muskat-ottonel-beloe-sladkoe-11/04_conf095.jpg
q-001041	fanagoriya-ona-skazala-da-beloe-polusladkoe/01_agent.jpg
q-001042	fanagoriya-pelle-calda-saperavi-krasnoe-suhoe-155/01_conf095.jpg
q-001043	fanagoriya-pelle-calda-saperavi-krasnoe-suhoe-155/02_conf095.jpg
q-001044	fanagoriya-primum-alveus-brut-2014-shardone-igristoe-bryut-beloe-12/01_conf090.jpg
q-001045	fanagoriya-primum-alveus-brut-2014-shardone-igristoe-bryut-beloe-12/02_manual.webp
q-001046	fanagoriya-primum-alveus-brut-2014-shardone-igristoe-bryut-beloe-12/03_manual.webp
q-001047	fanagoriya-primum-alveus-brut-2014-shardone-igristoe-bryut-beloe-12/04_manual.webp
q-001048	fanagoriya-primum-alveus-brut-2014-shardone-igristoe-bryut-beloe-12/05_manual.webp
q-001049	fanagoriya-q-blanc-sovinon-blan-beloe-suhoe-14/02_agent.jpg
q-001050	fanagoriya-rose-kaberne-sovinon-rozovoe-polusuhoe-13/01_conf095.jpg
q-001051	fanagoriya-saqra-saperavi-krasnoe-suhoe-135/01_agent.jpg
q-001052	fanagoriya-saqra-saperavi-krasnoe-suhoe-135/02_agent.jpg
q-001053	fanagoriya-solera-moscatel-oro-muskat-ottonel-beloe-suhoe-16/01_conf095.jpg
q-001054	fanagoriya-solera-moscatel-oro-muskat-ottonel-beloe-suhoe-16/02_conf095.jpg
q-001055	fanagoriya-solera-moscatel-oro-muskat-ottonel-beloe-suhoe-16/03_conf095.jpg
q-001056	fanagoriya-solera-moscatel-oro-muskat-ottonel-beloe-suhoe-16/04_conf095.jpg
q-001057	fanagoriya-solera-porto-negro-saperavi-krasnoe-suhoe-15/01_conf095.jpg
q-001058	fanagoriya-solera-porto-negro-saperavi-krasnoe-suhoe-15/02_conf095.jpg
q-001059	fanagoriya-solera-porto-negro-saperavi-krasnoe-suhoe-15/03_conf095.jpg
q-001060	fanagoriya-solera-rkatsiteli-ambra-rkatsiteli-beloe-suhoe-15/01_conf095.jpg
q-001061	fanagoriya-solera-saperavi-ruby-saperavi-krasnoe-suhoe-16/01_conf095.jpg
q-001062	fanagoriya-solera-saperavi-ruby-saperavi-krasnoe-suhoe-16/02_conf095.jpg
q-001063	fanagoriya-solera-saperavi-ruby-saperavi-krasnoe-suhoe-16/03_conf095.jpg
q-001064	fanagoriya-sur-lie-chardonnay-shardone-beloe-suhoe-135/01_conf095.jpg
q-001065	fanagoriya-sur-lie-chardonnay-shardone-beloe-suhoe-135/02_conf095.jpg
q-001066	fanagoriya-sur-lie-chardonnay-shardone-beloe-suhoe-135/03_conf095.jpg
q-001067	fanagoriya-sur-lie-clairet-saperavi-krasnoe-suhoe-13/01_conf095.jpg
q-001068	fanagoriya-sur-lie-vi-vi-aligote-beloe-suhoe-125/01_conf095.jpg
q-001069	fanagoriya-sur-lie-vi-vi-aligote-beloe-suhoe-125/02_conf095.jpg
q-001070	fanagoriya-sur-lie-vi-vi-aligote-beloe-suhoe-125/03_conf095.jpg
q-001071	fanagoriya-sur-lie-vi-vi-aligote-beloe-suhoe-125/04_conf095.jpg
q-001072	fanagoriya-velvet-season-muskat-ottonel-beloe-sladkoe-13/01_conf095.jpg
q-001073	fanagoriya-velvet-season-muskat-ottonel-beloe-sladkoe-13/02_conf095.jpg
q-001074	fanagoriya-velvet-season-muskat-ottonel-beloe-sladkoe-13/03_conf095.jpg
q-001075	fanagoriya-velvet-season-muskat-ottonel-beloe-sladkoe-13/04_conf095.jpg
q-001076	fanagoriya-velvet-season-risling-beloe-sladkoe-12/01_conf095.jpg
q-001077	fanagoriya-velvet-season-risling-beloe-sladkoe-12/02_conf095.jpg
q-001078	fanagoriya-velvet-season-risling-beloe-sladkoe-12/03_conf095.jpg
q-001079	fanagoriya-zelyonoe-vino-risling-tsitronnyy-magaracha-merlo-rozovoe-polusuhoe-11/01_conf095.jpg
q-001080	fanagoriya-zelyonoe-vino-risling-tsitronnyy-magaracha-merlo-rozovoe-polusuhoe-11/02_conf095.jpg
q-001081	ferrum-winery-apollinary-merlo-krasnoe-suhoe-13/01_conf095.jpg
q-001082	ferrum-winery-apollinary-merlo-krasnoe-suhoe-13/02_conf095.jpg
q-001083	ferrum-winery-merlot-merlo-krasnoe-suhoe-13/01_conf095.jpg
q-001084	ferrum-winery-pinot-noir-pino-nuar-rozovoe-suhoe-13/01_conf095.jpg
q-001085	ferrum-winery-pinot-noir-pino-nuar-rozovoe-suhoe-13/02_conf095.jpg
q-001086	ferrum-winery-riesling-risling-reynskiy-beloe-suhoe-11/01_agent.jpg
q-001087	ferrum-winery-riesling-risling-reynskiy-beloe-suhoe-11/02_agent.jpg
q-001088	ferrum-winery-sabernet-sauvignon-cabernet-franc-kaberne-sovinon-krasnoe-suhoe-12/01_conf095.png
q-001089	ferrum-winery-saperavi-saperavi-krasnoe-suhoe-12/01_agent.webp
q-001090	ferrum-winery-saperavi-saperavi-krasnoe-suhoe-12/02_agent.jpg
q-001091	fiori-di-mare-krasnoe-polusuhoe/01_conf090.jpg
q-001092	fiori-di-mare-krasnoe-polusuhoe/03_conf090.jpg
q-001093	fiori-di-mare-krasnoe-polusuhoe/04_conf090.jpg
q-001094	gaj-kodzor-sovinon-blan/01_agent.png
q-001095	golubitskoe-estate-chardonnay/01_conf095.jpg
q-001096	golubitskoe-estate-kaberne-sovinon-krasnoe-suhoe-137/01_conf095.jpg
q-001097	golubitskoe-estate-kaberne-sovinon-krasnoe-suhoe-137/02_conf095.jpg
q-001098	golubitskoe-estate-kaberne-sovinon-krasnoe-suhoe-137/03_conf095.jpg
q-001099	golubitskoe-estate-merlo-krasnoe-suhoe-135/01_conf095.jpg
q-001100	golubitskoe-estate-merlo-krasnoe-suhoe-135/02_conf095.jpg
q-001101	golubitskoe-estate-merlo-krasnoe-suhoe-135/03_conf095.jpg
q-001102	golubitskoe-estate-pino-nuar-rezerv-krasnoe-suhoe-132/01_conf095.jpg
q-001103	golubitskoe-estate-pino-nuar-rezerv-krasnoe-suhoe-132/02_conf095.jpg
q-001104	golubitskoe-estate-pino-nuar-rezerv-krasnoe-suhoe-132/03_conf095.jpg
q-001105	golubitskoe-estate-red-blend-kaberne-sovinon-krasnoe-suhoe-136/01_conf090.jpg
q-001106	golubitskoe-estate-risling-beloe-suhoe-125/01_conf095.jpg
q-001107	golubitskoe-estate-risling-beloe-suhoe-125/02_conf095.jpg
q-001108	golubitskoe-estate-risling-beloe-suhoe-125/03_conf095.jpg
q-001109	golubitskoe-estate-risling-beloe-suhoe-125/04_conf095.jpg
q-001110	golubitskoe-estate-risling-oranzh-risling-reynskiy-oranzhevoe-suhoe-13/01_conf095.jpg
q-001111	golubitskoe-estate-risling/01_conf095.jpg
q-001112	golubitskoe-estate-risling/02_conf095.jpg
q-001113	golubitskoe-estate-risling/03_conf095.jpg
q-001114	golubitskoe-estate-risling/04_conf095.jpg
q-001115	golubitskoe-estate-tte-de-cheval-blanc-de-blancs-shardone-beloe-bryut-12/02_agent.png
q-001116	golubitskoe-estate-tte-de-cheval-bryut-risling-beloe-12/01_conf095.jpg
q-001117	golubitskoe-estate-tte-de-cheval-bryut-risling-beloe-12/02_conf095.jpg
q-001118	golubitskoe-estate-tte-de-cheval-bryut-risling-beloe-12/03_conf095.jpg
q-001119	golubitskoe-estate-tte-de-cheval-bryut-risling-beloe-12/04_conf095.jpg
q-001120	golubitskoe-estate-tte-de-cheval-zero-dosage-ekstra-bryut-sovinon-blan-beloe-12/01_conf095.jpg
q-001121	golubitskoe-estate-tte-de-cheval-zero-dosage-ekstra-bryut-sovinon-blan-beloe-12/02_conf095.jpg
q-001122	golubitskoe-estate-tte-de-cheval-zero-dosage-ekstra-bryut-sovinon-blan-beloe-12/03_conf095.jpg
q-001123	golubitskoe-estate-tte-de-cheval-zero-dosage-ekstra-bryut-sovinon-blan-beloe-12/04_conf095.jpg
q-001124	golubitskoe-estate-tte-de-chevall-roze-pino-nuar-rozovoe-bryut-12/01_conf095.jpg
q-001125	golubitskoe-estate-tte-de-chevall-roze-pino-nuar-rozovoe-bryut-12/02_conf095.jpg
q-001126	golubitskoe-estate-tte-de-chevall-roze-pino-nuar-rozovoe-bryut-12/03_conf095.jpg
q-001127	golubitskoe-rose/01_conf095.jpg
q-001128	golubitskoe-rose/02_conf095.jpg
q-001129	golubitskoe-rose/03_conf095.jpg
q-001130	good-steak-merlot/01_conf095.jpg
q-001131	good-steak-merlot/02_conf095.jpg
q-001132	good-steak-merlot/03_conf095.jpg
q-001133	good-steak-merlot/04_conf095.jpg
q-001134	grand-jete-blanc-de-blancs/01_conf095.jpg
q-001135	grand-jete-blanc-de-blancs/02_manual.jpg
q-001136	grand-jete-blanc-de-noirs/01_conf095.jpg
q-001137	green-cape-risling/01_conf095.jpg
q-001138	green-cape-sovinon-blan/01_conf095.jpg
q-001139	gunko-winery-malbek-krasnoe-suhoe-14/01_conf095.jpg
q-001140	gunko-winery-malbek-krasnoe-suhoe-14/02_conf095.jpg
q-001141	gunko-winery-malbek-krasnoe-suhoe-14/03_conf095.jpg
q-001142	gunko-winery-malbek-krasnoe-suhoe-14/04_conf095.jpg
q-001143	gunko-winery-risling-beloe-suhoe-135/02_agent.webp
q-001144	gunko-winery-roze-kaberne-fran-rozovoe-suhoe-135/01_conf095.jpg
q-001145	gunko-winery-sovinon-blan-gunko-winery-beloe-suhoe-135/01_conf095.jpg
q-001146	gunko-winery-sovinon-blan-gunko-winery-beloe-suhoe-135/02_conf095.jpg
q-001147	igristoe-krasnoe-sladkoe-czimlyanskoe/01_conf095.jpg
q-001148	igristoe-krasnoe-sladkoe-czimlyanskoe/02_conf095.jpg
q-001149	igristoe-krasnoe-sladkoe-czimlyanskoe/03_conf095.jpg
q-001150	igristoe-krasnoe-sladkoe-czimlyanskoe/04_conf095.jpg
q-001151	igristoe-vino-bryut-rozovoe-di-kaspiko-blan-de-nuar-di-caspico-blanc-de-noirs/01_conf090.jpg
q-001152	igristoe-vino-endemy-bianka-bryut-beloe/01_conf095.jpg
q-001153	igristoe-vino-endemy-bianka-bryut-beloe/02_conf095.jpg
q-001154	igristoe-vino-endemy-bianka-bryut-beloe/03_conf095.jpg
q-001155	igristoe-vino-endemy-bianka-bryut-beloe/04_conf095.jpg
q-001156	igristoe-vino-endemy-pino-blan-bryut-beloe/01_conf070.jpg
q-001157	imenie-sikory-gerts-kaberne-sovinon-krasnoe-suhoe-14/01_conf095.jpg
q-001158	imenie-sikory-gerts-sikory-kaberne-sovinon-krasnoe-suhoe-14/01_conf095.jpg
q-001159	imenie-sikory-kaberne-fran-roze-rozovoe-suhoe-13/01_conf095.jpg
q-001160	imenie-sikory-kaberne-fran-sikory-rozovoe-suhoe-13/01_conf095.jpg
q-001161	imenie-sikory-kaberne-sovinon-semeynyy-rezerv-krasnoe-suhoe-14/01_conf095.webp
q-001162	imenie-sikory-krasnostop-zolotovskiy-na-terrasah-krasnoe-suhoe-14/01_conf095.webp
q-001163	imenie-sikory-krasnostop-zolotovskiy-na-terrasah-rozovoe-suhoe-13/01_agent.jpg
q-001164	imenie-sikory-krasnostop-zolotovskiy-na-terrasah-rozovoe-suhoe-13/02_agent.png
q-001165	imenie-sikory-merlo-semeynyy-rezerv-krasnoe-suhoe-14/01_conf095.jpg
q-001166	imenie-sikory-merlo-sikory-krasnoe-suhoe-13/01_conf095.jpg
q-001167	imenie-sikory-pino-nuar-semeynyy-rezerv-krasnoe-suhoe-14/01_conf095.jpg
q-001168	imenie-sikory-pino-nuar-sikory-krasnoe-suhoe-14/01_agent.png
q-001169	imenie-sikory-risling-pozdniy-sbor-beloe-sladkoe-13/01_conf095.jpg
q-001170	imenie-sikory-risling-pozdniy-sbor-beloe-sladkoe-13/02_conf095.jpg
q-001171	imenie-sikory-risling-semeynyy-rezerv-beloe-suhoe-13/01_conf095.jpg
q-001172	imenie-sikory-risling-semeynyy-rezerv-beloe-suhoe-13/02_conf095.jpg
q-001173	imenie-sikory-risling-semeynyy-rezerv-beloe-suhoe-13/03_conf095.jpg
q-001174	imenie-sikory-risling-semeynyy-rezerv-risling-reynskiy-beloe-suhoe-13/01_conf095.jpg
q-001175	imenie-sikory-risling-semeynyy-rezerv-risling-reynskiy-beloe-suhoe-13/02_conf095.jpg
q-001176	imenie-sikory-risling-semeynyy-rezerv-risling-reynskiy-beloe-suhoe-13/03_conf095.jpg
q-001177	imenie-sikory-risling-sikory-beloe-suhoe-13/01_conf095.jpg
q-001178	imenie-sikory-risling-sikory-beloe-suhoe-13/02_conf095.jpg
q-001179	imenie-sikory-risling-sikory-beloe-suhoe-13/03_conf095.jpg
q-001180	imenie-sikory-semeynoe-nasledie-kaberne-sovinon-krasnoe-suhoe-14/01_conf095.jpg
q-001181	imenie-sikory-shardone-sikory-beloe-suhoe-13/01_conf095.jpg
q-001182	imenie-sikory-shardone-sikory-beloe-suhoe-13/02_conf095.jpg
q-001183	imenie-sikory-shardone-sikory-beloe-suhoe-13/03_conf095.jpg
q-001184	imenie-sikory-sovinon-blan-semeynyy-rezerv-beloe-suhoe-13/01_conf095.jpg
q-001185	imenie-sikory-sovinon-blan-semeynyy-rezerv-beloe-suhoe-13/02_conf095.jpg
q-001186	imenie-sikory-sovinon-blan-sikory-beloe-suhoe-13/01_conf095.jpg
q-001187	imenie-sikory-sovinon-blan-sikory-beloe-suhoe-13/02_conf095.jpg
q-001188	inkerman-muskatnoe-beloe/01_conf095.jpg
q-001189	inkerman-muskatnoe-beloe/02_conf095.jpg
q-001190	inkerman-muskatnoe-beloe/03_conf095.jpg
q-001191	inkerman-muskatnoe-beloe/04_conf095.jpg
q-001192	inkerman-shato-blan/02_conf095.jpg
q-001193	inkerman-shato-blan/03_conf095.jpg
q-001194	inkerman-shato-blan/04_conf095.jpg
q-001195	inkerman-shato-ruzh/01_conf095.jpg
q-001196	inkerman-shato-ruzh/02_conf095.jpg
q-001197	inkerman-shato-ruzh/03_conf095.jpg
q-001198	inkerman-shato-ruzh/04_conf095.jpg
q-001199	inkermanskiy-zmv-inkerman-bryut-rkatsiteli-beloe-12/01_conf095.jpg
q-001200	inkermanskiy-zmv-inkerman-bryut-rkatsiteli-beloe-12/02_conf095.jpg
q-001201	inkermanskiy-zmv-inkerman-bryut-rkatsiteli-beloe-12/03_conf095.jpg
q-001202	inkermanskiy-zmv-inkerman-bryut-rkatsiteli-beloe-12/04_conf095.jpg
q-001203	inkermanskiy-zmv-inkerman-bryut-shardone-beloe-135/01_conf095.jpg
q-001204	inkermanskiy-zmv-inkerman-bryut-shardone-beloe-135/02_conf095.jpg
q-001205	inkermanskiy-zmv-inkerman-bryut-shardone-beloe-135/03_conf095.jpg
q-001206	inkermanskiy-zmv-inkerman-bryut-shardone-beloe-135/04_conf095.jpg
q-001207	inkermanskiy-zmv-inkerman-muskat-polusladkoe-beloe-13/01_conf095.jpg
q-001208	inkermanskiy-zmv-inkerman-muskat-polusladkoe-beloe-13/02_conf095.jpg
q-001209	inkermanskiy-zmv-inkerman-muskat-polusladkoe-beloe-13/03_conf095.jpg
q-001210	inkermanskiy-zmv-inkerman-pino-blan-zero-dozazh-beloe-ekstra-bryut-12/01_conf095.jpg
q-001211	inkermanskiy-zmv-inkerman-polusladkoe-rkatsiteli-beloe-13/01_conf090.jpg
q-001212	inkermanskiy-zmv-inkerman-polusladkoe-roze-aligote-rozovoe-135/01_conf095.jpg
q-001213	inkermanskiy-zmv-inkerman-polusladkoe-roze-aligote-rozovoe-135/02_conf095.jpg
q-001214	inkermanskiy-zmv-inkerman-polusladkoe-roze-aligote-rozovoe-135/03_conf095.jpg
q-001215	inkermanskiy-zmv-inkerman-polusladkoe-roze-aligote-rozovoe-135/04_conf095.jpg
q-001216	inkermanskiy-zmv-inkerman-roze-zero-dozazh-kokur-rozovoe-ekstra-bryut-12/02_manual.jpg
q-001217	inkermanskiy-zmv-inkerman-roze-zero-dozazh-kokur-rozovoe-ekstra-bryut-12/03_manual.webp
q-001218	inkermanskiy-zmv-inkerman-roze-zero-dozazh-kokur-rozovoe-ekstra-bryut-12/04_manual.webp
q-001219	inkermanskiy-zmv-inkerman-rozovoe-polusladkoe-rkatsiteli-12/01_conf095.jpg
q-001220	inkermanskiy-zmv-inkerman-rozovoe-polusladkoe-rkatsiteli-12/02_conf095.jpg
q-001221	inkermanskiy-zmv-inkerman-rozovoe-polusladkoe-rkatsiteli-12/03_conf095.jpg
q-001222	inkermanskiy-zmv-inkerman-rozovoe-polusladkoe-rkatsiteli-12/04_conf095.jpg
q-001223	inkermanskiy-zmv-kokur-belyy-ekstra-bryut-beloe-135/01_conf095.jpg
q-001224	inkermanskiy-zmv-kokur-belyy-ekstra-bryut-beloe-135/02_conf095.jpg
q-001225	inkermanskiy-zmv-special-reserve-rkatsiteli-beloe-suhoe-13/01_conf095.jpg
q-001226	inkermanskiy-zmv-winemakers-selection-saperavi-krasnoe-polusladkoe-12/01_agent.jpg
q-001227	kaberne-sovinon-1/01_conf095.jpg
q-001228	koktebel-casa-belyj-kupazh/02_manual.webp
q-001229	kokur-avtorskoe/01_conf095.jpg
q-001230	kokur-avtorskoe/02_conf095.jpg
q-001231	kokur-premium/02_conf095.jpg
q-001232	kokur-premium/03_conf095.jpg
q-001233	kokur-premium/04_conf095.jpg
q-001234	kokur-premium/05_manual.webp
q-001235	kokur-premium/06_manual.jpg
q-001236	kokur-suhoe/01_conf095.jpg
q-001237	kokur-suhoe/02_conf095.jpg
q-001238	kokur-suhoe/03_conf095.jpg
q-001239	kokur-suhoe/04_conf095.jpg
q-001240	koldun-beloe-suhoe/01_conf095.jpg
q-001241	koldun-beloe-suhoe/02_conf095.jpg
q-001242	krasnostop-shato-taman/01_conf095.jpg
q-001243	krasnostop-shato-taman/02_conf095.jpg
q-001244	krasnostop-shato-taman/03_manual.webp
q-001245	krasnostop-shato-taman/04_manual.webp
q-001246	krasnostop-shato-taman/05_manual.webp
q-001247	krasnostop-shato-taman/06_manual.png
q-001248	krasnostop-shato-taman/07_manual.webp
q-001249	kuban-vino-aristov-8-roze-merlo-rozovoe-suhoe-8/01_conf095.jpg
q-001250	kuban-vino-aristov-amata-rosso-kaberne-sovinon-krasnoe-suhoe-145/01_conf095.jpg
q-001251	kuban-vino-aristov-amata-rosso-kaberne-sovinon-krasnoe-suhoe-145/02_conf095.jpg
q-001252	kuban-vino-aristov-amata-rosso-kaberne-sovinon-krasnoe-suhoe-145/04_conf085.jpg
q-001253	kuban-vino-aristov-anima-michela-2023-sandzhoveze-krasnoe-suhoe-115/01_conf095.jpg
q-001254	kuban-vino-aristov-anima-pino-gridzhio-beloe-suhoe-12/01_conf095.jpg
q-001255	kuban-vino-aristov-anima-pino-gridzhio-beloe-suhoe-12/02_conf095.jpg
q-001256	kuban-vino-aristov-anima-pino-gridzhio-beloe-suhoe-12/03_conf095.jpg
q-001257	kuban-vino-aristov-anima-pino-gridzhio-beloe-suhoe-12/04_conf095.jpg
q-001258	kuban-vino-aristov-anima-pino-gridzhio-blash-rozovoe-suhoe-125/01_conf095.jpg
q-001259	kuban-vino-aristov-anima-pino-gridzhio-blash-rozovoe-suhoe-125/02_conf095.jpg
q-001260	kuban-vino-aristov-anima-pino-gridzhio-blash-rozovoe-suhoe-125/03_conf095.jpg
q-001261	kuban-vino-aristov-anima-pino-gridzhio-blash-rozovoe-suhoe-125/04_conf095.jpg
q-001262	kuban-vino-aristov-byanko-shardone-beloe-suhoe-13/01_conf095.jpg
q-001263	kuban-vino-aristov-byanko-shardone-beloe-suhoe-13/02_conf095.jpg
q-001264	kuban-vino-aristov-byanko-shardone-beloe-suhoe-13/03_conf095.jpg
q-001265	kuban-vino-aristov-kaberne-sovinon-krasnoe-suhoe-13/01_conf095.jpg
q-001266	kuban-vino-aristov-kaberne-sovinon-krasnoe-suhoe-13/02_conf095.jpg
q-001267	kuban-vino-aristov-kaberne-sovinon-krasnoe-suhoe-13/03_conf095.jpg
q-001268	kuban-vino-aristov-kaberne-sovinon-krasnoe-suhoe-13/04_conf095.jpg
q-001269	kuban-vino-aristov-kyuve-aleksandr-millezimato-shardone-beloe-ekstra-bryut-12/01_conf095.jpg
q-001270	kuban-vino-aristov-risling-beloe-suhoe-115/01_conf095.jpg
q-001271	kuban-vino-aristov-risling-beloe-suhoe-115/02_conf095.jpg
q-001272	kuban-vino-aristov-risling-beloe-suhoe-115/03_conf095.jpg
q-001273	kuban-vino-aristov-risling-beloe-suhoe-115/04_conf095.jpg
q-001274	kuban-vino-aristov-rosso-polusladkoe-saperavi-krasnoe-13/04_conf090.jpg
q-001275	kuban-vino-aristov-sandzhoveze-krasnoe-suhoe-13/01_conf095.jpg
q-001276	kuban-vino-aristov-sandzhoveze-krasnoe-suhoe-13/02_conf095.jpg
q-001277	kuban-vino-aristov-sandzhoveze-krasnoe-suhoe-13/03_conf095.jpg
q-001278	kuban-vino-aristov-sandzhoveze-krasnoe-suhoe-13/04_conf095.jpg
q-001279	kuban-vino-aristov-verde-muskat-beloe-polusuhoe-11/01_conf095.jpg
q-001280	kuban-vino-aristov-verde-muskat-beloe-polusuhoe-11/02_conf095.jpg
q-001281	kuban-vino-aristov-verde-muskat-beloe-polusuhoe-11/03_conf095.jpg
q-001282	kuban-vino-flyor-dyu-syud-blan-de-tamane-tsvetochnyy-beloe-suhoe-115/01_conf095.jpg
q-001283	kuban-vino-flyor-dyu-syud-blan-de-tamane-tsvetochnyy-beloe-suhoe-115/02_conf095.jpg
q-001284	kuban-vino-flyor-dyu-syud-roze-de-tamane-traminer-rozovyy-rozovoe-suhoe-125/01_conf095.jpg
q-001285	kuban-vino-flyor-dyu-syud-roze-de-tamane-traminer-rozovyy-rozovoe-suhoe-125/02_conf095.jpg
q-001286	kuban-vino-flyor-dyu-syud-roze-de-tamane-traminer-rozovyy-rozovoe-suhoe-125/03_conf095.jpg
q-001287	kuban-vino-flyor-dyu-syud-roze-de-tamane-traminer-rozovyy-rozovoe-suhoe-125/04_conf095.jpg
q-001288	kuban-vino-flyor-dyu-syud-ruzh-de-tamane-rubin-golodrigi-krasnoe-suhoe-12/01_conf095.jpg
q-001289	kuban-vino-flyor-dyu-syud-ruzh-de-tamane-rubin-golodrigi-krasnoe-suhoe-12/02_conf095.jpg
q-001290	kuban-vino-flyor-dyu-syud-ruzh-de-tamane-rubin-golodrigi-krasnoe-suhoe-12/04_conf095.jpg
q-001291	kuban-vino-kaberne-de-tamane-kaberne-sovinon-krasnoe-suhoe-125/01_conf095.jpg
q-001292	kuban-vino-krasnostop-de-tamane-krasnostop-anapskiy-krasnoe-suhoe-13/01_conf095.jpg
q-001293	kuban-vino-shato-tamane-delikeyt-roze-2024-bianka-rozovoe-suhoe-95/02_manual.png
q-001294	kuban-vino-shato-tamane-delikeyt-roze-2024-bianka-rozovoe-suhoe-95/03_manual.webp
q-001295	kuban-vino-shato-tamane-delikeyt-roze-2024-bianka-rozovoe-suhoe-95/04_manual.webp
q-001296	kuban-vino-shato-tamane-rezerv-kaberne-limited-edishn-2015-kaberne-sovinon-krasnoe-suhoe-13/01_agent.webp
q-001297	kuban-vino-shato-tamane-rezerv-kaberne-limited-edishn-2015-kaberne-sovinon-krasnoe-suhoe-13/03_manual.webp
q-001298	kuban-vino-shato-tamane-rezerv-kaberne-limited-edishn-2022-kaberne-sovinon-krasnoe-suhoe-14/01_agent.webp
q-001299	kuban-vino-shato-tamane-rezerv-kollekshn-shardone-beloe-suhoe-125/01_conf095.jpg
q-001300	kuban-vino-shato-tamane-rezerv-kollekshn-shardone-beloe-suhoe-125/02_conf095.jpg
q-001301	kuban-vino-shato-tamane-rezerv-kollekshn-shardone-beloe-suhoe-125/03_conf090.jpg
q-001302	kuban-vino-shato-tamane-rezerv-kollekshn-shardone-beloe-suhoe-125/04_conf090.jpg
q-001303	kuban-vino-shato-tamane-rezerv-krasnostop-krasnostop-anapskiy-krasnoe-suhoe-135/03_conf095.jpg
q-001304	kuban-vino-shato-tamane-rezerv-krasnostop-krasnostop-anapskiy-krasnoe-suhoe-135/04_conf095.jpg
q-001305	kuban-vino-shato-tamane-rezerv-merlo-limited-edishn-2018-krasnoe-suhoe-125/01_conf095.jpg
q-001306	kuban-vino-shato-tamane-rezerv-myuller-turgau-limited-edishn-2021-beloe-suhoe-12/01_agent.jpg
q-001307	kuban-vino-shato-tamane-rezerv-myuller-turgau-limited-edishn-beloe-suhoe-13/01_agent.jpg
q-001308	kuban-vino-shato-tamane-rezerv-myuller-turgau-limited-edishn-beloe-suhoe-13/02_agent.jpg
q-001309	kuban-vino-shato-tamane-rezerv-premer-ruzh-kaberne-sovinon-krasnoe-suhoe-13/01_agent.jpg
q-001310	kuban-vino-shato-tamane-rezerv-red-blend-kaberne-sovinon-krasnoe-suhoe-125/01_conf095.jpg
q-001311	kuban-vino-shato-tamane-rkatsiteli-myuller-turgau-shardone-2025-beloe-suhoe-12/01_conf095.jpg
q-001312	kuban-vino-shato-tamane-rkatsiteli-myuller-turgau-shardone-2025-beloe-suhoe-12/02_conf095.jpg
q-001313	kuban-vino-shato-tamane-rkatsiteli-myuller-turgau-shardone-2025-beloe-suhoe-12/03_conf095.jpg
q-001314	kuban-vino-shato-tamane-rkatsiteli-myuller-turgau-shardone-2025-beloe-suhoe-12/04_conf090.jpg
q-001315	kuban-vino-shato-tamane-selekt-oranzh-tsitronnyy-magaracha-oranzhevoe-suhoe-135/01_conf095.jpg
q-001316	kuban-vino-shato-tamane-selekt-oranzh-tsitronnyy-magaracha-oranzhevoe-suhoe-135/02_conf095.jpg
q-001317	kuban-vino-shato-tamane-selekt-oranzh-tsitronnyy-magaracha-oranzhevoe-suhoe-135/03_manual.webp
q-001318	kuban-vino-shato-tamane-selekt-oranzh-tsitronnyy-magaracha-oranzhevoe-suhoe-135/04_manual.jpg
q-001319	kuban-vino-shato-tamane-selekt-oranzh-tsitronnyy-magaracha-oranzhevoe-suhoe-135/05_manual.jpg
q-001320	kuban-vino-shato-tamane-selekt-oranzh-tsitronnyy-magaracha-oranzhevoe-suhoe-135/06_manual.jpg
q-001321	kuban-vino-shato-tamane-selekt-oranzh-tsitronnyy-magaracha-oranzhevoe-suhoe-135/07_manual.jpg
q-001322	kuban-vino-shato-tamane-selekt-oranzh-tsitronnyy-magaracha-oranzhevoe-suhoe-135/08_manual.jpg
q-001323	kuban-vino-shato-tamane-selekt-ruzh-saperavi-krasnoe-suhoe-125/01_agent.jpg
q-001324	kuban-vino-shato-tamane-selekt-ruzh-saperavi-krasnoe-suhoe-125/02_agent.jpg
q-001325	kuban-vino-shato-tamane-shardone-beloe-suhoe-12/01_conf095.jpg
q-001326	kuban-vino-shato-tamane-shardone-beloe-suhoe-12/02_conf095.jpg
q-001327	kuban-vino-shato-tamane-terruar-krasnostop-saperavi-2022-krasnoe-suhoe-125/01_agent.jpg
q-001328	kuban-vino-shato-tamane-terruar-krasnostop-saperavi-2022-krasnoe-suhoe-125/02_agent.jpg
q-001329	kuban-vino-vysokiy-bereg-grafit-roze-kaberne-sovinon-rozovoe-suhoe-12/01_conf095.jpg
q-001330	kuban-vino-vysokiy-bereg-grafit-roze-kaberne-sovinon-rozovoe-suhoe-12/02_conf095.jpg
q-001331	kuban-vino-vysokiy-bereg-merlo-krasnoe-suhoe-135/01_conf095.jpg
q-001332	kuban-vino-vysokiy-bereg-merlo-krasnoe-suhoe-135/02_conf095.jpg
q-001333	kuban-vino-vysokiy-bereg-merlo-krasnoe-suhoe-135/03_conf095.jpg
q-001334	kuban-vino-vysokiy-bereg-merlo-krasnoe-suhoe-135/04_conf095.jpg
q-001335	kuban-vino-vysokiy-bereg-myuller-turgau-beloe-suhoe-13/04_conf095.jpg
q-001336	le-general-hiver/01_conf095.jpg
q-001337	lefkadiya-krasnoe/01_conf095.jpg
q-001338	legato-legato-sovinon-blan-beloe-suhoe-125/01_conf095.jpg
q-001339	locantita-more/01_conf095.jpg
q-001340	locantita-more/02_conf095.jpg
q-001341	loco-cimbali-blanc-de-neige-shardone-beloe-suhoe-131/01_conf095.png
q-001342	loco-cimbali-kaberne-sovinon-krasnoe-suhoe-146/01_conf095.jpg
q-001343	loco-cimbali-kaberne-sovinon-krasnoe-suhoe-146/02_agent.webp
q-001344	loco-cimbali-kaberne-sovinon-krasnoe-suhoe-146/03_agent.webp
q-001345	loco-cimbali-kaberne-sovinon-krasnoe-suhoe-146/04_agent.webp
q-001346	loco-cimbali-kuprin-bastardo-magarachskiy-krasnoe-suhoe-138/01_conf095.jpg
q-001347	loco-cimbali-kuprin-bastardo-magarachskiy-krasnoe-suhoe-138/02_conf095.jpg
q-001348	loco-cimbali-kuprin-bastardo-magarachskiy-krasnoe-suhoe-138/03_conf090.jpg
q-001349	loco-cimbali-loco-cimbali-pinot-meunier-mene-krasnoe-suhoe-125/01_conf095.jpg
q-001350	loco-cimbali-loco-cimbali-red-kaberne-sovinon-krasnoe-suhoe-135/01_conf100.jpg
q-001351	loco-cimbali-loco-cimbali-red-kaberne-sovinon-krasnoe-suhoe-135/02_conf095.jpg
q-001352	loco-cimbali-oranzh-muskat-belyy-beloe-suhoe-129/01_conf095.jpg
q-001353	loco-cimbali-oranzh-muskat-belyy-beloe-suhoe-129/02_conf090.jpg
q-001354	loco-cimbali-oranzh-muskat-oranzhevoe-suhoe-127/01_conf078.jpg
q-001355	loco-cimbali-pino-blan-beloe-suhoe-13/01_conf085.jpg
q-001356	loco-cimbali-risling-beloe-suhoe-125/01_conf095.jpg
q-001357	loco-cimbali-risling-beloe-suhoe-125/02_conf095.jpg
q-001358	loco-cimbali-risling-beloe-suhoe-125/03_conf095.jpg
q-001359	loco-cimbali-risling-risling-reynskiy-beloe-suhoe-13/01_conf095.jpg
q-001360	loco-cimbali-risling-risling-reynskiy-beloe-suhoe-13/02_conf095.jpg
q-001361	loco-cimbali-risling-risling-reynskiy-beloe-suhoe-13/03_conf095.jpg
q-001362	loco-cimbali-rkatsiteli-oranzhevoe-suhoe-13/01_conf085.jpg
q-001363	madera-krymskaya/01_conf095.jpg
q-001364	madera-krymskaya/02_conf095.jpg
q-001365	madera-krymskaya/03_conf095.jpg
q-001366	madera-krymskaya/04_conf095.jpg
q-001367	magnatum-blanc-de-blancs/01_conf095.png
q-001368	magnatum-cuvee-m-blanc-de-blancs/01_conf095.png
q-001369	makitra-selection/01_conf095.jpg
q-001370	mantra-estate-chardonnay-shardone-beloe-suhoe-135/01_conf095.jpg
q-001371	massandra-bastardo-bastardo-magarachskiy-krasnoe-sladkoe-16/01_conf095.jpg
q-001372	massandra-heres/01_conf095.jpg
q-001373	massandra-kagor-gurzuf-saperavi-krasnoe-sladkoe-16/01_conf095.jpg
q-001374	massandra-kagor-yuzhnoberezhnyy-saperavi-krasnoe-sladkoe-16/01_conf095.jpg
q-001375	massandra-kokur-desertnyy-surozh-beloe-sladkoe-16/01_conf095.jpg
q-001376	massandra-kokur/01_conf095.jpg
q-001377	massandra-lakrima-kristi-aleatiko-krasnoe-sladkoe-16/01_conf095.jpg
q-001378	massandra-massandra-heres-oreadna-aligote-beloe-suhoe-16/01_conf095.jpg
q-001379	massandra-muskat-belyy-krasnogo-kamnya-beloe-sladkoe-13/01_conf095.jpg
q-001380	massandra-muskat-belyy-pozdnego-sbora-beloe-sladkoe-10/01_conf095.jpg
q-001381	massandra-muskat-belyy-pozdnego-sbora-beloe-sladkoe-10/02_conf095.jpg
q-001382	massandra-muskat-belyy-pozdnego-sbora-beloe-sladkoe-10/03_conf090.jpg
q-001383	massandra-muskat-belyy-yuzhnoberezhnyy-beloe-sladkoe-16/01_conf095.jpg
q-001384	massandra-muskat-belyy-yuzhnoberezhnyy-beloe-sladkoe-16/02_conf095.jpg
q-001385	massandra-muskat-belyy-yuzhnoberezhnyy-beloe-sladkoe-16/03_conf095.jpg
q-001386	massandra-muskat-belyy-yuzhnoberezhnyy-beloe-sladkoe-16/04_conf095.jpg
q-001387	massandra-muskat-pozdnego-sbora-muskat-belyy-beloe-sladkoe-16/01_conf095.jpg
q-001388	massandra-muskat-pozdnego-sbora-muskat-belyy-beloe-sladkoe-16/02_conf095.jpg
q-001389	massandra-muskat-pozdnego-sbora-muskat-belyy-beloe-sladkoe-16/03_conf090.jpg
q-001390	massandra-muskat-rozovyy-pozdnego-sbora-rozovoe-sladkoe-10/01_conf095.jpg
q-001391	massandra-muskat/01_conf095.jpg
q-001392	massandra-muskat/02_conf095.jpg
q-001393	massandra-muskat/03_conf095.jpg
q-001394	massandra-muskat/04_conf095.jpg
q-001395	massandra-muskatel-belyy-belye-sorta-vinograda-beloe-sladkoe-16/02_conf095.jpg
q-001396	massandra-muskatel-belyy-belye-sorta-vinograda-beloe-sladkoe-16/03_conf095.jpg
q-001397	massandra-muskatel-belyy-belye-sorta-vinograda-beloe-sladkoe-16/04_conf095.jpg
q-001398	massandra-muskatel-chernyy-krasnye-sorta-vinograda-krasnoe-sladkoe-16/01_conf095.jpg
q-001399	massandra-muskatel-chernyy-krasnye-sorta-vinograda-krasnoe-sladkoe-16/02_conf095.jpg
q-001400	massandra-muskatel-chernyy-krasnye-sorta-vinograda-krasnoe-sladkoe-16/03_conf095.jpg
q-001401	massandra-muskatel-chernyy-krasnye-sorta-vinograda-krasnoe-sladkoe-16/04_conf095.jpg
q-001402	massandra-muskatel-rozovyy-belye-sorta-vinograda-rozovoe-sladkoe-16/01_conf095.jpg
q-001403	massandra-muskatel-rozovyy-belye-sorta-vinograda-rozovoe-sladkoe-16/02_conf095.jpg
q-001404	massandra-muskatel-rozovyy-belye-sorta-vinograda-rozovoe-sladkoe-16/03_conf095.jpg
q-001405	massandra-muskatel-rozovyy-belye-sorta-vinograda-rozovoe-sladkoe-16/04_conf095.jpg
q-001406	massandra-pino-gri-beloe-sladkoe-16/01_conf095.jpg
q-001407	massandra-pino-gri-beloe-sladkoe-16/02_conf095.jpg
q-001408	massandra-pino-gri-beloe-sladkoe-16/03_conf095.jpg
q-001409	massandra-pino-gri-beloe-sladkoe-16/04_conf095.jpg
q-001410	massandra-portveyn-belyy-alushta-belye-sorta-vinograda-beloe-sladkoe-17/01_conf095.jpg
q-001411	massandra-portveyn-belyy-alushta-belye-sorta-vinograda-beloe-sladkoe-17/02_conf095.jpg
q-001412	massandra-portveyn-belyy-alushta-belye-sorta-vinograda-beloe-sladkoe-17/03_conf095.jpg
q-001413	massandra-portveyn-belyy-alushta-belye-sorta-vinograda-beloe-sladkoe-17/04_conf095.jpg
q-001414	massandra-portveyn-belyy-gurzuf-kokur-belyy-beloe-sladkoe-135/01_agent.png
q-001415	massandra-portveyn-belyy-gurzuf-kokur-belyy-beloe-sladkoe-135/02_manual.webp
q-001416	massandra-portveyn-belyy-krymskiy-kokur-beloe-sladkoe-18/01_conf095.jpg
q-001417	massandra-portveyn-belyy-krymskiy-kokur-beloe-sladkoe-18/02_conf095.jpg
q-001418	massandra-portveyn-belyy-krymskiy-kokur-beloe-sladkoe-18/03_conf095.jpg
q-001419	massandra-portveyn-belyy-krymskiy-kokur-beloe-sladkoe-18/04_conf095.jpg
q-001420	massandra-portveyn-krasnyy-alushta-krasnye-sorta-vinograda-krasnoe-sladkoe-17/01_conf095.jpg
q-001421	massandra-portveyn-krasnyy-alushta-krasnye-sorta-vinograda-krasnoe-sladkoe-17/02_conf095.jpg
q-001422	massandra-portveyn-krasnyy-alushta-krasnye-sorta-vinograda-krasnoe-sladkoe-17/03_conf095.jpg
q-001423	massandra-portveyn-krasnyy-alushta-krasnye-sorta-vinograda-krasnoe-sladkoe-17/04_conf095.jpg
q-001424	massandra-portveyn-krasnyy-livadiya-kaberne-sovinon-krasnoe-sladkoe-185/01_conf095.jpg
q-001425	massandra-portveyn-krasnyy-livadiya-kaberne-sovinon-krasnoe-sladkoe-185/02_conf095.jpg
q-001426	massandra-portveyn-krasnyy-livadiya-kaberne-sovinon-krasnoe-sladkoe-185/03_conf095.jpg
q-001427	massandra-portveyn-krasnyy-livadiya-kaberne-sovinon-krasnoe-sladkoe-185/04_conf095.jpg
q-001428	massandra-rozovoe-suhoe/01_conf095.jpg
q-001429	massandra-rozovoe-suhoe/02_conf095.jpg
q-001430	massandra-rozovoe-suhoe/03_conf095.jpg
q-001431	massandra-rozovoe-suhoe/04_conf095.jpg
q-001432	massandra-vino-avtorskoe-pino-gri-beloe-suhoe-12/01_conf095.jpg
q-001433	merlo/01_conf095.jpg
q-001434	millstream-av-igristoe-molodoe-suhoe-beloe/01_conf100.jpg
q-001435	millstream-cellar-blanc-de-blanc-ekstra-bryut-beloe/02_conf095.jpg
q-001436	millstream-cellar-select-blend-avtohtonov/01_conf095.jpg
q-001437	millstream-cellar-select-blend-avtohtonov/02_conf090.jpg
q-001438	millstream-cellar-select-blend-avtohtonov/03_conf078.jpg
q-001439	millstream-cellar-select-kaberne-sovinon/01_conf095.jpg
q-001440	millstream-cellar-select-kaberne-sovinon/02_conf095.jpg
q-001441	millstream-cellar-select-krasnostop-zolotovskij/01_conf095.jpg
q-001442	millstream-cellar-select-krasnostop-zolotovskij/02_conf095.jpg
q-001443	millstream-cellar-select-saperavi/01_conf095.jpg
q-001444	millstream-cellar-vyderzhannoe-igristoe-polusuhoe-beloe/02_conf095.jpg
q-001445	millstream-cellar-vyderzhannoe-igristoe-polusuhoe-beloe/03_conf095.jpg
q-001446	miroir-de-talu-merlot-krasnostop/01_conf095.jpg
q-001447	molodoe-shato-taman-1/01_conf095.jpg
q-001448	molodoe-shato-taman-1/02_conf095.jpg
q-001449	molodoe-shato-taman/01_conf095.jpg
q-001450	monte-garu-beloe-polusladkoe/01_conf090.jpg
q-001451	muskat-avtorskoe-vino/01_conf095.jpg
q-001452	muskat-pozdnego-sbora-rozovyj/01_conf095.jpg
q-001453	muskatnoe-shato-taman/01_conf090.jpg
q-001454	muskatnoe-shato-taman/02_conf090.jpg
q-001455	muskatnoe-shato-taman/03_manual.jpg
q-001456	muskatnoe-shato-taman/04_manual.webp
q-001457	muskatnoe-shato-taman/05_manual.webp
q-001458	myshako-green-cape-shardone-beloe-bryut/01_conf095.jpg
q-001459	nesterov-winery-risling-reynskiy-beloe-suhoe-12/01_conf090.jpg
q-001460	nesterov-winery-rubin-golodrigi-krasnoe-suhoe-11/01_conf090.jpg
q-001461	nesterov-winery-saperavi-krasnoe-suhoe-135/01_conf095.jpg
q-001462	nesterov-winery-solyaris-beloe-suhoe-14/01_agent.jpg
q-001463	nikolaev-i-synovya-flamingo-malbek-rozovoe-suhoe-125/01_conf095.jpg
q-001464	nikolaev-i-synovya-flamingo-malbek-rozovoe-suhoe-125/02_conf095.jpg
q-001465	nikolaev-i-synovya-shardone-beloe-suhoe-125/01_conf095.jpg
q-001466	novyj-svet-blan-de-nuar/01_conf095.jpg
q-001467	novyj-svet-kaberne/01_conf090.jpg
q-001468	novyj-svet-paradizio/01_conf095.jpg
q-001469	novyj-svet-shardone-kyuve-de-prestizh-1/01_conf095.jpg
q-001470	novyj-svet-shardone-kyuve-de-prestizh/01_conf095.jpg
q-001471	novyy-svet-dom-shampanskih-vin-igristoe-vino-vyderzhannoe-bryut-krasnoe-novyy-svet-kaberne-sovinon-135/01_conf095.jpg
q-001472	novyy-svet-dom-shampanskih-vin-igristoe-vino-vyderzhannoe-bryut-krasnoe-novyy-svet-kaberne-sovinon-135/02_conf095.jpg
q-001473	novyy-svet-dom-shampanskih-vin-igristoe-vino-vyderzhannoe-bryut-rozovoe-novyy-svet-pino-fran-135/01_conf095.jpg
q-001474	novyy-svet-dom-shampanskih-vin-igristoe-vino-vyderzhannoe-bryut-rozovoe-novyy-svet-pino-fran-135/02_conf095.jpg
q-001475	novyy-svet-dom-shampanskih-vin-igristoe-vino-vyderzhannoe-bryut-rozovoe-novyy-svet-pino-fran-135/03_conf090.jpg
q-001476	novyy-svet-dom-shampanskih-vin-igristoe-vino-vyderzhannoe-polusladkoe-rozovoe-novyy-svet-pino-fran-135/01_conf095.jpg
q-001477	novyy-svet-dom-shampanskih-vin-novyy-svet-kyuve-ekstra-bryut-shardone-beloe-135/01_conf090.jpg
q-001478	novyy-svet-dom-shampanskih-vin-rossiyskoe-shampanskoe-kollektsionnoe-bryut-beloe-novyy-svet-yubileynoe-risling-13/01_conf095.jpg
q-001479	novyy-svet-dom-shampanskih-vin-rossiyskoe-shampanskoe-kollektsionnoe-bryut-beloe-novyy-svet-yubileynoe-risling-13/02_conf095.jpg
q-001480	novyy-svet-dom-shampanskih-vin-rossiyskoe-shampanskoe-kollektsionnoe-ekstra-bryut-beloe-novyy-svet-shardone-125/01_conf095.jpg
q-001481	novyy-svet-dom-shampanskih-vin-rossiyskoe-shampanskoe-kollektsionnoe-ekstra-bryut-beloe-novyy-svet-shardone-125/02_conf090.jpg
q-001482	novyy-svet-dom-shampanskih-vin-rossiyskoe-shampanskoe-kollektsionnoe-polusuhoe-beloe-novyy-svet-risling-125/01_conf095.jpg
q-001483	novyy-svet-dom-shampanskih-vin-rossiyskoe-shampanskoe-kollektsionnoe-polusuhoe-beloe-novyy-svet-shardone-13/01_conf095.jpg
q-001484	novyy-svet-dom-shampanskih-vin-rossiyskoe-shampanskoe-kollektsionnoe-polusuhoe-beloe-novyy-svet-shardone-13/02_conf095.jpg
q-001485	novyy-svet-dom-shampanskih-vin-rossiyskoe-shampanskoe-kollektsionnoe-polusuhoe-beloe-novyy-svet-shardone-13/03_conf090.jpg
q-001486	novyy-svet-dom-shampanskih-vin-rossiyskoe-shampanskoe-kollektsionnoe-polusuhoe-beloe-novyy-svet-shardone-13/04_conf090.jpg
q-001487	novyy-svet-dom-shampanskih-vin-rossiyskoe-shampanskoe-vyderzhannoe-bryut-beloe-novyy-svet-shardone-125/01_conf095.jpg
q-001488	novyy-svet-dom-shampanskih-vin-rossiyskoe-shampanskoe-vyderzhannoe-bryut-beloe-novyy-svet-shardone-125/02_conf095.jpg
q-001489	novyy-svet-dom-shampanskih-vin-rossiyskoe-shampanskoe-vyderzhannoe-bryut-beloe-novyy-svet-shardone-125/03_conf095.jpg
q-001490	novyy-svet-dom-shampanskih-vin-rossiyskoe-shampanskoe-vyderzhannoe-bryut-beloe-novyy-svet-shardone-125/04_conf095.jpg
q-001491	novyy-svet-dom-shampanskih-vin-rossiyskoe-shampanskoe-vyderzhannoe-polusladkoe-rozovoe-novyy-svet-shardone-125/01_agent.jpg
q-001492	oleg-repin-listva-syrah-sira-krasnoe-suhoe-14/01_conf095.jpg
q-001493	oleg-repin-pinot-blanc-pino-blan-beloe-suhoe-13/01_agent.png
q-001494	oleg-repin-pinot-blanc-pino-blan-beloe-suhoe-13/02_agent.png
q-001495	olymp-winery-adagum-cabernet-franc-kaberne-fran-krasnoe-suhoe-11/01_agent.jpg
q-001496	olymp-winery-adagum-cabernet-sauvignon-kaberne-sovinon-krasnoe-suhoe-11/01_agent.jpg
q-001497	olymp-winery-adagum-cabernet-sauvignon-kaberne-sovinon-krasnoe-suhoe-11/02_agent.jpg
q-001498	olymp-winery-adagum-cabernet-sauvignon-kaberne-sovinon-krasnoe-suhoe-11/03_manual.webp
q-001499	olymp-winery-adagum-estate-cabernet-sauvignon-kaberne-sovinon-krasnoe-suhoe-11/01_agent.jpg
q-001500	olymp-winery-adagum-estate-cabernet-sauvignon-kaberne-sovinon-krasnoe-suhoe-11/02_agent.jpg
q-001501	olymp-winery-adagum-krasnostop-krasnostop-zolotovskiy-krasnoe-suhoe-11/01_agent.jpg
q-001502	olymp-winery-adagum-krasnostop-krasnostop-zolotovskiy-krasnoe-suhoe-11/02_agent.jpg
q-001503	olymp-winery-adagum-krasnostop-krasnostop-zolotovskiy-krasnoe-suhoe-11/03_manual.webp
q-001504	olymp-winery-adagum-merlot-merlo-rozovoe-suhoe-10/01_agent.jpg
q-001505	olymp-winery-adagum-merlot-merlo-rozovoe-suhoe-10/02_manual.jpg
q-001506	olymp-winery-adagum-pinot-noir-pino-nuar-rozovoe-suhoe-11/01_agent.jpg
q-001507	olymp-winery-adagum-pinot-noir-pino-nuar-rozovoe-suhoe-11/03_manual.jpg
q-001508	olymp-winery-adagum-riesling-risling-beloe-suhoe-11/01_agent.jpg
q-001509	olymp-winery-adagum-riesling-risling-beloe-suhoe-11/02_agent.jpg
q-001510	olymp-winery-adagum-riesling-risling-beloe-suhoe-11/03_manual.webp
q-001511	olymp-winery-adagum-riesling-risling-beloe-suhoe-11/04_manual.webp
q-001512	olymp-winery-adagum-saperavi-saperavi-krasnoe-suhoe-11/01_conf095.jpg
q-001513	olymp-winery-adagum-saperavi-saperavi-krasnoe-suhoe-11/02_conf095.jpg
q-001514	olymp-winery-adagum-saperavi-saperavi-krasnoe-suhoe-11/03_manual.webp
q-001515	olymp-winery-adagum-valley-merlot-merlo-krasnoe-suhoe-11/01_agent.jpg
q-001516	olymp-winery-adagum-valley-merlot-merlo-krasnoe-suhoe-11/02_manual.jpg
q-001517	olymp-winery-adagum-valley-riesling-risling-reynskiy-beloe-suhoe-11/01_agent.jpg
q-001518	olymp-winery-adagum-valley-riesling-risling-reynskiy-beloe-suhoe-11/02_agent.jpg
q-001519	olymp-winery-adagum-valley-riesling-risling-reynskiy-beloe-suhoe-11/03_manual.webp
q-001520	olymp-winery-adagum-valley-riesling-risling-reynskiy-beloe-suhoe-11/04_manual.webp
q-001521	olymp-winery-adagum-valley-riesling-risling-reynskiy-beloe-suhoe-11/05_manual.jpg
q-001522	olymp-winery-adagum-valley-riesling-risling-reynskiy-beloe-suhoe-11/06_manual.jpg
q-001523	olymp-winery-adagum-valley-riesling-risling-reynskiy-beloe-suhoe-11/07_manual.jpg
q-001524	olymp-winery-adagum-valley-rkatsiteli-rkatsiteli-beloe-suhoe-10/01_agent.jpg
q-001525	olymp-winery-adagum-valley-rkatsiteli-rkatsiteli-beloe-suhoe-10/02_agent.jpg
q-001526	olymp-winery-adagum-valley-saperavi-saperavi-krasnoe-suhoe-12/01_conf095.jpg
q-001527	olymp-winery-adagum-valley-saperavi-saperavi-krasnoe-suhoe-12/02_conf095.jpg
q-001528	olymp-winery-adagum-valley-saperavi-saperavi-krasnoe-suhoe-12/03_manual.webp
q-001529	olymp-winery-adagum-valley-saperavi-saperavi-krasnoe-suhoe-12/04_manual.jpg
q-001530	olymp-winery-adagum-valley-saperavi-saperavi-krasnoe-suhoe-12/05_manual.webp
q-001531	olymp-winery-adagum-valley-saperavi-saperavi-krasnoe-suhoe-12/06_manual.webp
q-001532	olymp-winery-olimp-avtorskoe-kaberne-sovinon-krasnoe-suhoe-11/01_conf095.jpg
q-001533	perovskih_kaberne_fran_reserve/01_agent.jpg
q-001534	perovskih_kaberne_fran_reserve/02_agent.webp
q-001535	perovskih_kokur_orange/01_agent.jpg
q-001536	perovskih_odesskiy_chernyi/01_conf095.jpg
q-001537	perovskih_polusladkoe_beloe/01_manual.webp
q-001538	perovskih_polusladkoe_beloe/02_manual.webp
q-001539	perovskih_polusladkoe_beloe/03_manual.jpg
q-001540	perovskih_polusladkoe_beloe/04_manual.webp
q-001541	perovskih_polusladkoe_krasnoe/01_agent.jpg
q-001542	perovskih_polusladkoe_krasnoe/02_agent.webp
q-001543	perovskih_polusuhoe_krasnoe/01_agent.webp
q-001544	perovskih_polusuhoe_krasnoe/02_agent.jpg
q-001545	perovskih_rose/01_agent.jpg
q-001546	perovskih_rose/02_agent.jpg
q-001547	pino-glyu-2025/01_agent.webp
q-001548	pino-glyu-2025/02_agent.webp
q-001549	pino-nuar-dzhavaga/01_agent.png
q-001550	pino-nuar-dzhavaga/02_agent.png
q-001551	pinot-noir-2024-one-barrel-by-dmitry-maslov-pino-nuar-2024-uan-barrel-dmitrij-maslov/01_agent.webp
q-001552	pinot-noir-2024-one-barrel-by-dmitry-maslov-pino-nuar-2024-uan-barrel-dmitrij-maslov/02_agent.jpg
q-001553	pomeste-golubitskoe-kaberne-sovinon-rezerv-krasnoe-suhoe-143/01_conf090.webp
q-001554	pomeste-golubitskoe-tte-de-cheval-blanc-de-blancs-shardone-beloe-bryut-12/01_agent.webp
q-001555	pomeste-golubitskoe-tte-de-cheval-blanc-de-blancs-shardone-beloe-bryut-12/02_agent.png
q-001556	pomeste-golubitskoe-tte-de-cheval-bryut-risling-reynskiy-beloe-12/01_conf095.jpg
q-001557	pomeste-golubitskoe-tte-de-cheval-sladkoe-roze-pino-gri-rozovoe-115/01_conf095.webp
q-001558	portvejn-krymskij/01_conf095.jpg
q-001559	portvejn-surozh/01_conf095.jpg
q-001560	portvejn-surozh/02_conf095.jpg
q-001561	portvejn-surozh/03_conf095.jpg
q-001562	portvejn-surozh/04_conf095.jpg
q-001563	pozdnij-sbor-beloe/01_agent.jpg
q-001564	pozdnij-sbor-beloe/02_agent.jpg
q-001565	privat/01_conf095.jpg
q-001566	privat/02_conf090.jpg
q-001567	relikta-relikta-antey-magarachskiy-muskat-belyy-rozovoe-polusuhoe-11/01_agent.png
q-001568	relikta-relikta-dekabrskiy-krasnoe-polusladkoe-125/01_conf095.jpg
q-001569	relikta-relikta-dekabrskiy-krasnoe-polusladkoe-125/02_conf095.jpg
q-001570	relikta-relikta-dekabrskiy-krasnoe-polusladkoe-125/03_conf095.jpg
q-001571	relikta-relikta-pervenets-muskat-pervenets-magaracha-beloe-polusladkoe-125/02_agent.webp
q-001572	relikta-relikta-pervenets-pervenets-magaracha-beloe-suhoe-12/01_conf095.jpg
q-001573	relikta-relikta-petnat-antey-magarachskiy-rozovoe-ekstra-bryut-11/01_conf095.jpg
q-001574	rem-akchurin-risling-beloe-suhoe-125/01_conf095.png
q-001575	risling-shato-taman/01_conf090.jpg
q-001576	risling-shato-taman/02_manual.webp
q-001577	risling-shato-taman/03_manual.webp
q-001578	risling-shato-taman/04_manual.jpg
q-001579	risling-shato-taman/05_manual.jpg
q-001580	risling-shato-taman/06_manual.jpg
q-001581	risling/01_agent.jpg
q-001582	risling/02_agent.jpg
q-001583	rose-roze-oleg-repin/02_agent.webp
q-001584	roze-1/01_conf095.jpg
q-001585	roze-avtorskoe-vino/01_agent.webp
q-001586	roze-avtorskoe-vino/02_agent.jpg
q-001587	roze-malbek/01_agent.webp
q-001588	roze-malbek/02_agent.png
q-001589	rozovoe-bryut-1/01_conf095.jpg
q-001590	rozovoe-bryut-1/02_conf095.jpg
q-001591	rozovoe-bryut-1/04_conf095.jpg
q-001592	rozovoe-polusladkoe-1/02_conf095.jpg
q-001593	rozovoe-polusladkoe-1/03_conf095.jpg
q-001594	rozovoe-polusladkoe/01_conf095.jpg
q-001595	sary-pandas-vyderzhannoe/01_conf095.jpg
q-001596	seneth-shu-shu-saperavi-rozovoe-suhoe-12/02_agent.jpg
q-001597	shardone-2/01_conf095.jpg
q-001598	shardone-2/02_conf095.jpg
q-001599	shardone-2/03_conf095.jpg
q-001600	shardone-2/04_agent.webp
q-001601	shardone-2/05_agent.webp
q-001602	shardone-2/06_agent.webp
q-001603	shardone-2/07_manual.jpg
q-001604	shardone-akacziya/01_conf095.jpg
q-001605	shardone-akacziya/02_conf090.jpg
q-001606	shardone-akacziya/03_manual.jpg
q-001607	shardone-balaklava/01_conf095.jpg
q-001608	shardone-balaklava/02_conf095.jpg
q-001609	shardone-balaklava/03_conf095.jpg
q-001610	shardone-balaklava/04_conf095.jpg
q-001611	shardone-rezerv/01_conf095.jpg
q-001612	shato-ay-danil-skarlatto-da-sole-saperavi-krasnoe-polusladkoe-13/01_agent.jpg
q-001613	shato-pino-aligote-rkatsiteli-beloe-suhoe-12/01_conf095.jpg
q-001614	shato-pino-aligote-rkatsiteli-beloe-suhoe-12/02_manual.jpg
q-001615	shato-pino-aligote-rkatsiteli-suhoe-beloe-12/01_conf095.jpg
q-001616	shato-pino-dichkaberne-fran-krasnoe-suhoe-14/01_conf095.jpg
q-001617	shato-pino-exclusive-kaberne-sovinon-shiraz-krasnoe-suhoe-135/01_conf095.jpg
q-001618	shato-pino-exclusive-kaberne-sovinon-shiraz-krasnoe-suhoe-135/02_manual.webp
q-001619	shato-pino-exclusive-kaberne-sovinon-shiraz-krasnoe-suhoe-135/03_manual.webp
q-001620	shato-pino-exclusive-kaberne-sovinon-shiraz-krasnoe-suhoe-135/04_manual.webp
q-001621	shato-pino-exclusive-kaberne-sovinon-shiraz-krasnoe-suhoe-135/05_manual.webp
q-001622	shato-pino-exclusive-kaberne-sovinon-shiraz-krasnoe-suhoe-135/06_manual.webp
q-001623	shato-pino-exclusive-kaberne-sovinon-shiraz-krasnoe-suhoe-135/07_manual.webp
q-001624	shato-pino-exclusive-pino-nuar-merlo-krasnoe-suhoe-135/01_conf095.jpg
q-001625	shato-pino-exclusive-pino-nuar-merlo-krasnoe-suhoe-135/02_conf090.jpg
q-001626	shato-pino-exclusive-pino-nuar-merlo-krasnoe-suhoe-135/03_conf090.jpg
q-001627	shato-pino-exclusive-pino-nuar-merlo-krasnoe-suhoe-135/04_manual.webp
q-001628	shato-pino-exclusive-pino-nuar-merlo-krasnoe-suhoe-135/05_manual.webp
q-001629	shato-pino-exclusive-pino-nuar-merlo-krasnoe-suhoe-135/06_manual.webp
q-001630	shato-pino-exclusive-shardone-pino-gri-beloe-suhoe-125/01_agent.jpg
q-001631	shato-pino-exclusive-shardone-pino-gri-beloe-suhoe-125/02_manual.webp
q-001632	shato-pino-exclusive-shardone-pino-gri-beloe-suhoe-125/03_manual.webp
q-001633	shato-pino-exclusive-shardone-pino-gri-beloe-suhoe-125/04_manual.webp
q-001634	shato-pino-grand-reserve-cabernet-franc-kaberne-fran-krasnoe-suhoe-135/01_conf095.jpg
q-001635	shato-pino-grand-reserve-chardonnay-shardone-beloe-suhoe-125/01_conf095.jpg
q-001636	shato-pino-kaberne-sovinon-krasnoe-suhoe-14/01_conf095.jpg
q-001637	shato-pino-kaberne-sovinon-krasnoe-suhoe-14/02_conf090.jpg
q-001638	shato-pino-kaberne-sovinon-krasnoe-suhoe-14/03_manual.jpg
q-001639	shato-pino-kaberne-sovinon-krasnoe-suhoe-14/04_manual.jpg
q-001640	shato-pino-kaberne-sovinon-krasnoe-suhoe-14/05_manual.jpg
q-001641	shato-pino-koldun-belyy-shardone-beloe-suhoe-12/01_conf095.jpg
q-001642	shato-pino-koldun-belyy-shardone-beloe-suhoe-12/02_conf095.jpg
q-001643	shato-pino-koldun-krasnyy-merlo-krasnoe-suhoe-14/01_conf095.jpg
q-001644	shato-pino-marselan-merlo-krasnoe-suhoe-13/01_conf095.jpg
q-001645	shato-pino-pino-nuar-krasnoe-suhoe-135/01_conf090.jpg
q-001646	shato-pino-pino-nuar-krasnoe-suhoe-135/02_manual.png
q-001647	shato-pino-pino-nuar-krasnoe-suhoe-135/03_manual.webp
q-001648	shato-pino-pino-nuar-krasnoe-suhoe-135/04_manual.jpg
q-001649	shato-pino-pino-nuar-krasnoe-suhoe-135/05_manual.webp
q-001650	shato-pino-pino-nuar-krasnoe-suhoe-135/06_manual.webp
q-001651	shato-pino-pino-nuar-saperavi-krasnoe-suhoe-13/01_conf095.jpg
q-001652	shato-pino-pino-nuar-saperavi-krasnoe-suhoe-13/02_conf095.jpg
q-001653	shato-pino-shantazh-sovinon-blan-shardone-beloe-suhoe-115/01_conf095.jpg
q-001654	shato-pino-shantazh-sovinon-blan-shardone-beloe-suhoe-115/02_conf090.jpg
q-001655	shato-pino-shantazh-sovinon-blan-shardone-beloe-suhoe-115/03_conf090.jpg
q-001656	shato-pino-shardone-beloe-suhoe-125/01_conf095.jpg
q-001657	shato-pino-shardone-beloe-suhoe-125/02_conf095.jpg
q-001658	shato-pino-shardone-beloe-suhoe-125/03_conf090.jpg
q-001659	shato-pino-shardone-beloe-suhoe-125/04_manual.webp
q-001660	shato-pino-shardone-beloe-suhoe-125/05_manual.jpg
q-001661	shato-pino-shardone-beloe-suhoe-125/06_manual.jpg
q-001662	shato-pino-shardone-risling-beloe-suhoe-12/01_conf090.jpg
q-001663	shato-pino-shardone-risling-beloe-suhoe-12/02_manual.png
q-001664	shato-pino-shardone-risling-beloe-suhoe-12/03_manual.jpg
q-001665	shato-pino-shardone-risling-beloe-suhoe-12/04_manual.webp
q-001666	shato-pino-shardone-risling-beloe-suhoe-12/05_manual.webp
q-001667	shato-pino-shardone-risling-beloe-suhoe-12/06_manual.jpg
q-001668	shato-pino-shardone-risling-beloe-suhoe-12/07_manual.jpg
q-001669	shato-pino-shary-kolduna-ramato-pino-gri-rozovoe-suhoe-115/01_conf095.jpg
q-001670	shato-pino-shary-kolduna-topolek-rkatsiteli-beloe-suhoe-125/01_conf095.jpg
q-001671	shato-pino-shato-pino-koldun-merlo-krasnoe-suhoe-137/01_conf095.jpg
q-001672	shato-pino-shiraz-krasnoe-suhoe-14/01_conf080.jpg
q-001673	shato-pino-shiraz-krasnoe-suhoe-14/02_manual.webp
q-001674	shato-pino-shiraz-krasnoe-suhoe-14/03_manual.webp
q-001675	shato-pino-shiraz-krasnoe-suhoe-14/04_manual.webp
q-001676	shato-pino-shiraz-krasnoe-suhoe-14/05_manual.jpg
q-001677	shato-pino-shiraz-krasnoe-suhoe-14/06_manual.jpg
q-001678	shato-taman-bryut-1/01_conf095.jpg
q-001679	shato-taman-bryut-1/02_conf095.jpg
q-001680	shato-taman-bryut-1/03_conf095.jpg
q-001681	shato-taman-bryut-1/04_conf095.jpg
q-001682	shato-taman-bryut/01_conf095.jpg
q-001683	shato-taman-bryut/02_conf095.jpg
q-001684	shato-taman-bryut/03_conf095.jpg
q-001685	shato-taman-bryut/04_conf095.jpg
q-001686	shato-taman-grape-dance-1/01_conf095.jpg
q-001687	shato-taman-grape-dance-1/02_conf095.jpg
q-001688	shato-taman-grape-dance-1/03_conf095.jpg
q-001689	shato-taman-grape-dance-1/04_conf095.jpg
q-001690	shato-taman-grape-dance/01_conf095.jpg
q-001691	shato-taman-grape-dance/02_conf095.jpg
q-001692	shato-taman-grape-dance/03_conf095.jpg
q-001693	shato-taman-grape-dance/04_conf095.jpg
q-001694	shato-taman-kaberne-sovinon/01_conf095.jpg
q-001695	shato-taman-kaberne-sovinon/02_conf095.jpg
q-001696	shato-taman-kaberne-sovinon/03_conf095.jpg
q-001697	shato-taman-kaberne-sovinon/04_conf095.jpg
q-001698	shato-taman-kaberne/01_conf095.jpg
q-001699	shato-taman-kaberne/02_conf095.jpg
q-001700	shato-taman-krasnostop/01_conf095.jpg
q-001701	shato-taman-krasnostop/04_conf090.jpg
q-001702	shato-taman-par-la-mer-czvajgelt/01_conf095.jpg
q-001703	shato-taman-par-la-mer-czvajgelt/02_conf095.jpg
q-001704	shato-taman-par-la-mer-czvajgelt/03_conf095.jpg
q-001705	shato-taman-par-la-mer-korall/02_manual.webp
q-001706	shato-taman-par-la-mer-pino-blan/01_agent.jpg
q-001707	shato-taman-par-la-mer-pino-nuar/03_manual.webp
q-001708	shato-taman-par-la-mer-pino-nuar/04_manual.webp
q-001709	shato-taman-par-la-mer-sovinon/01_agent.jpg
q-001710	shato-taman-par-la-mer-sovinon/02_agent.jpg
q-001711	shato-taman-polusladkoe/04_conf090.jpg
q-001712	shato-taman-saperavi/01_conf095.jpg
q-001713	shato-taman-saperavi/04_agent.webp
q-001714	shato-taman-saperavi/05_agent.webp
q-001715	shato-taman-saperavi/06_agent.webp
q-001716	shato-taman-saperavi/07_agent.webp
q-001717	shato-taman-shardone/01_conf095.jpg
q-001718	shato-taman-shardone/02_conf095.jpg
q-001719	skalistyy-bereg-dyhanie-voln-shardone-beloe-suhoe-121/01_conf095.png
q-001720	skalistyy-bereg-melodiya-leta-krasnostop-zolotovskiy-rozovoe-suhoe-126/01_conf095.jpg
q-001721	skalistyy-bereg-melodiya-leta-krasnostop-zolotovskiy-rozovoe-suhoe-126/02_conf095.jpg
q-001722	skalistyy-bereg-skalistyy-bereg-kaberne-fran-krasnoe-suhoe-15/01_conf095.jpg
q-001723	skalistyy-bereg-skalistyy-bereg-krasnaya-kniga-glava-2-merlo-krasnoe-suhoe-15/01_conf095.jpg
q-001724	skalistyy-bereg-skalistyy-bereg-krasnaya-kniga-glava-2-merlo-krasnoe-suhoe-15/02_conf095.jpg
q-001725	skalistyy-bereg-skalistyy-bereg-risling-beloe-suhoe-113/01_conf095.png
q-001726	skalistyy-bereg-skalistyy-bereg-shardone-beloe-suhoe-135/01_conf095.png
q-001727	skalistyy-bereg-skalistyy-bereg-sovinon-blan-beloe-suhoe-12/01_conf095.jpg
q-001728	skalistyy-bereg-skalistyy-bereg-sovinon-blan-beloe-suhoe-12/02_conf095.jpg
q-001729	sober-bash-afa-kaberne-sovinon-krasnoe-suhoe-125/01_conf095.jpg
q-001730	sober-bash-grani-plechistik-krasnoe-suhoe-12/01_conf095.jpg
q-001731	sober-bash-kaberne-fran-krasnoe-suhoe-13/01_conf095.jpg
q-001732	sober-bash-korvina-krasnostop-zolotovskiy-krasnoe-suhoe-14/01_conf095.jpg
q-001733	sober-bash-korvina-krasnostop-zolotovskiy-krasnoe-suhoe-14/02_conf095.jpg
q-001734	sober-bash-krasnostop-krasnostop-zolotovskiy-krasnoe-suhoe-14/01_conf095.jpg
q-001735	sober-bash-saperavi-krasnoe-suhoe-13/01_conf095.jpg
q-001736	sober-bash-saperavi-krasnoe-suhoe-13/02_conf095.jpg
q-001737	sober-bash-trezvaya-golova-kaberne-fran-krasnostop-krasnoe-suhoe-13/01_conf095.jpg
q-001738	sober-bash-trezvaya-golova-rozovoe-krasnostop-zolotovskiy-suhoe-115/01_conf095.jpg
q-001739	sober-bash-trezvaya-golova-rozovoe-krasnostop-zolotovskiy-suhoe-115/02_conf095.jpg
q-001740	sober-bash-trezvaya-golova-rozovoe-krasnostop-zolotovskiy-suhoe-115/03_conf095.jpg
q-001741	solnechnaya-dolina-chernyy-doktor-solnechnoy-doliny-ekim-kara-krasnoe-sladkoe-16/01_conf095.jpg
q-001742	solnechnaya-dolina-chernyy-doktor-solnechnoy-doliny-ekim-kara-krasnoe-sladkoe-16/02_conf095.jpg
q-001743	solnechnaya-dolina-chernyy-doktor-solnechnoy-doliny-ekim-kara-krasnoe-sladkoe-16/03_conf095.jpg
q-001744	solnechnaya-dolina-chernyy-doktor-solnechnoy-doliny-ekim-kara-krasnoe-sladkoe-16/04_conf095.jpg
q-001745	solnechnaya-dolina-chernyy-polkovnik-odesskiy-chernyy-krasnoe-sladkoe-175/01_conf095.jpg
q-001746	solnechnaya-dolina-meganom-blanc-de-blancs-kokur-beloe-bryut-11/01_conf090.jpg
q-001747	solnechnaya-dolina-muskatnoe-festivalnoe-muskat-belyy-rozovoe-sladkoe-16/01_conf097.jpg
q-001748	solnechnaya-dolina-muskatnoe-festivalnoe-muskat-belyy-rozovoe-sladkoe-16/02_conf097.jpg
q-001749	solnechnaya-dolina-porto-solnechnoy-doliny-kokur-belyy-beloe-sladkoe-175/01_manual.webp
q-001750	solnechnaya-dolina-porto-solnechnoy-doliny-kokur-belyy-beloe-sladkoe-175/02_manual.webp
q-001751	solnechnaya-dolina-privat-kaberne-sovinon-krasnoe-sladkoe-155/01_conf095.jpg
q-001752	solnechnaya-dolina-privat-kaberne-sovinon-krasnoe-sladkoe-155/02_conf095.jpg
q-001753	sosedi-aligote-shardone-2025/01_agent.jpg
q-001754	soyuz-vino-kanonicheskie-traditsii-krasnoe-polusladkoe-kaberne-sovinon-115/01_conf095.jpg
q-001755	soyuz-vino-kanonicheskie-traditsii-krasnoe-sladkoe-kaberne-sovinon-115/01_conf100.jpg
q-001756	soyuz-vino-kanonicheskie-traditsii-krasnoe-sladkoe-kaberne-sovinon-115/02_conf097.jpg
q-001757	soyuz-vino-kanonicheskie-traditsii-krasnoe-sladkoe-kaberne-sovinon-115/03_conf095.jpg
q-001758	soyuz-vino-kanonicheskie-traditsii-krasnoe-sladkoe-kaberne-sovinon-115/04_conf095.jpg
q-001759	soyuz-vino-konfessa-pino-gridzhio-beloe-polusladkoe-11/01_conf100.jpg
q-001760	soyuz-vino-konfessa-pino-gridzhio-beloe-polusladkoe-11/02_conf095.jpg
q-001761	soyuz-vino-konfessa-pino-gridzhio-beloe-polusladkoe-11/03_conf095.jpg
q-001762	soyuz-vino-shato-de-mongolfer-shiraz-moellyo-krasnoe-polusladkoe-11/01_conf098.jpg
q-001763	soyuz-vino-shato-de-mongolfer-shiraz-moellyo-krasnoe-polusladkoe-11/02_conf098.jpg
q-001764	soyuz-vino-shato-de-mongolfer-shiraz-moellyo-krasnoe-polusladkoe-11/03_conf095.jpg
q-001765	soyuz-vino-shato-de-mongolfer-shiraz-moellyo-krasnoe-polusladkoe-11/04_conf090.jpg
q-001766	soyuz-vino-shato-de-mongolfer-shiraz-polusuhoe-krasnoe-11/01_conf098.jpg
q-001767	soyuz-vino-shato-de-mongolfer-shiraz-polusuhoe-krasnoe-11/02_conf098.jpg
q-001768	soyuz-vino-shato-de-mongolfer-shiraz-polusuhoe-krasnoe-11/03_conf095.jpg
q-001769	soyuz-vino-shato-de-mongolfer-shiraz-polusuhoe-krasnoe-11/04_conf095.jpg
q-001770	soyuz-vino-sheremetevskie-pogreba-beloe-polusladkoe-belye-sorta-vinograda-11/01_conf095.jpg
q-001771	soyuz-vino-sheremetevskie-pogreba-beloe-polusladkoe-belye-sorta-vinograda-11/02_conf095.jpg
q-001772	soyuz-vino-sheremetevskie-pogreba-kaberne-sovinon-krasnoe-suhoe-11/01_conf095.jpg
q-001773	soyuz-vino-sheremetevskie-pogreba-kaberne-sovinon-krasnoe-suhoe-11/02_conf095.jpg
q-001774	soyuz-vino-sheremetevskie-pogreba-krasnoe-polusladkoe-krasnye-sorta-vinograda-11/01_conf097.jpg
q-001775	soyuz-vino-sheremetevskie-pogreba-krasnoe-polusladkoe-krasnye-sorta-vinograda-11/02_conf095.jpg
q-001776	soyuz-vino-zelyonaya-dolina-kaberne-merlo-kaberne-sovinon-krasnoe-polusladkoe-12/01_conf097.jpg
q-001777	soyuz-vino-zelyonaya-dolina-kaberne-merlo-kaberne-sovinon-krasnoe-polusladkoe-12/02_conf095.jpg
q-001778	soyuz-vino-zelyonaya-dolina-kaberne-merlo-kaberne-sovinon-krasnoe-polusladkoe-12/03_conf095.jpg
q-001779	soyuz-vino-zelyonaya-dolina-shardone-beloe-suhoe-12/01_conf095.jpg
q-001780	stn-winery-bratstvo-kochergi-pino-nuar-krasnoe-suhoe-12/01_conf095.webp
q-001781	tsimlyanskie-vina-tsimlyanskoe-kaberne-sovinon-ekstra-bryut-rozovoe-13/01_conf100.jpg
q-001782	twopeters_kokur/03_manual.webp
q-001783	twopeters_kokur/04_manual.webp
q-001784	twopeters_kokur/05_manual.jpg
q-001785	uppa-winery-kokur-kokur-belyy-beloe-suhoe-12/01_manual.webp
q-001786	uppa-winery-kokur-kokur-belyy-beloe-suhoe-12/02_manual.jpg
q-001787	usadba-divnomorskoe-blanc-de-blancs-shardone-beloe-ekstra-bryut-12/01_conf088.jpg
q-001788	usadba-divnomorskoe-east-hill-vione-beloe-suhoe-127/01_conf095.jpg
q-001789	usadba-divnomorskoe-grande-cuvee-shardone-beloe-bryut-125/01_conf095.jpg
q-001790	usadba-divnomorskoe-grande-rose-pino-nuar-rozovoe-ekstra-bryut-125/01_conf090.jpg
q-001791	usadba-divnomorskoe-holodnyy-tuman-risling-beloe-suhoe-115/01_conf095.jpg
q-001792	usadba-divnomorskoe-holodnyy-tuman-risling-beloe-suhoe-115/02_conf095.jpg
q-001793	usadba-divnomorskoe-maris-blanc-de-blanc-extra-brut-shardone-beloe-ekstra-bryut-105/01_conf088.jpg
q-001794	usadba-divnomorskoe-muscat-ottonel-muskat-ottonel-beloe-sladkoe-135/01_conf100.jpg
q-001795	usadba-divnomorskoe-pinot-noir-pino-nuar-krasnoe-suhoe-12/01_conf090.jpg
q-001796	usadba-divnomorskoe-rose-vione-rozovoe-suhoe-125/01_conf095.jpg
q-001797	usadba-divnomorskoe-solist-marselan-rozovoe-suhoe-115/01_conf100.jpg
q-001798	usadba-divnomorskoe-solnechnyy-veter-shardone-beloe-suhoe-125/01_conf088.jpg
q-001799	usadba-divnomorskoe-west-hill-blend-kaberne-sovinon-krasnoe-suhoe-145/01_conf097.jpg
q-001800	usadba-divnomorskoe-west-hill-blend-kaberne-sovinon-krasnoe-suhoe-145/02_conf095.jpg
q-001801	usadba-divnomorskoe-west-hill-blend-kaberne-sovinon-krasnoe-suhoe-145/03_conf095.jpg
q-001802	usadba-markoth-kaberne-sovinon-rezerv-krasnoe-suhoe-13/01_conf095.jpg
q-001803	usadba-markoth-shardone-beloe-suhoe-12/01_conf095.jpg
q-001804	usadba-mezyb-mezyb-kaberne-sovinon-kaberne-fran-krasnoe-suhoe-14/01_conf078.jpg
q-001805	usadba-mezyb-mezyb-merlo-krasnoe-suhoe-145/01_conf095.jpg
q-001806	usadba-mezyb-staraya-doroga-na-dzhanhot-kaberne-sovinon-krasnoe-suhoe-144/01_conf090.jpg
q-001807	usadba-mezyb-staraya-doroga-na-dzhanhot-kaberne-sovinon-krasnoe-suhoe-144/02_manual.jpg
q-001808	usadba-mezyb-usadba-mezyb-kaberne-fran-krasnoe-suhoe-145/01_conf100.jpg
q-001809	usadba-mezyb-usadba-mezyb-kaberne-fran-krasnoe-suhoe-145/02_conf095.jpg
q-001810	usadba-mezyb-usadba-mezyb-kaberne-fran-krasnoe-suhoe-145/03_manual.jpg
q-001811	usadba-mezyb-usadba-mezyb-kaberne-fran-krasnoe-suhoe-145/03_manual_moved2.jpg
q-001812	usadba-mezyb-usadba-mezyb-kaberne-sovinon-kaberne-fran-merlo-krasnoe-suhoe-148/01_conf095.jpg
q-001813	usadba-mezyb-usadba-mezyb-kaberne-sovinon-krasnoe-suhoe-143/01_conf095.jpg
q-001814	usadba-mezyb-usadba-mezyb-merlo-krasnoe-suhoe-15/01_conf095.jpg
q-001815	usadba-mezyb-usadba-mezyb-merlo-krasnoe-suhoe-15/02_agent.webp
q-001816	usadba-mezyb-usadba-mezyb-merlo-krasnoe-suhoe-15/03_agent.webp
q-001817	usadba-mezyb-usadba-mezyb-roze-kaberne-sovinon-rozovoe-suhoe-135/01_conf095.jpg
q-001818	usadba-perovskih-kaberne-fran-1890-krasnoe-suhoe-13/01_conf095.jpg
q-001819	usadba-perovskih-kaberne-fran-1890-krasnoe-suhoe-13/02_conf095.jpg
q-001820	usadba-perovskih-kaberne-sovinon-merlo-1890-krasnoe-suhoe-13/01_conf099.jpg
q-001821	usadba-perovskih-pino-nuar-rezerv-krasnoe-suhoe-122/01_conf095.jpg
q-001822	valerij-zaharin-kokur-i-ko-beloe-polusladkoe/03_manual.jpg
q-001823	valeriy-zaharin-avtohtonnoe-vino-kryma-avtorskiy-kupazh-bastardo-saperavi-kefesiya-bastardo-magarachskiy-krasnoe-suhoe-12/01_conf095.jpg
q-001824	valeriy-zaharin-avtohtonnoe-vino-kryma-avtorskiy-kupazh-bastardo-saperavi-kefesiya-bastardo-magarachskiy-krasnoe-suhoe-12/02_conf088.jpg
q-001825	valeriy-zaharin-avtohtonnoe-vino-kryma-ot-valeriya-zaharina-kefesiya-rezerv-krasnoe-suhoe-13/02_agent.webp
q-001826	valeriy-zaharin-avtohtonnoe-vino-kryma-ot-valeriya-zaharina-kefesiya-rezerv-krasnoe-suhoe-13/03_agent.webp
q-001827	valeriy-zaharin-avtorskoe-vino-ot-valeriya-zaharina-aleatiko-rozovoe-suhoe-115/01_conf095.jpg
q-001828	valeriy-zaharin-avtorskoe-vino-ot-valeriya-zaharina-aleatiko-rozovoe-suhoe-115/02_conf095.jpg
q-001829	valeriy-zaharin-avtorskoe-vino-ot-valeriya-zaharina-aleatiko-rozovoe-suhoe-115/03_conf095.jpg
q-001830	valeriy-zaharin-avtorskoe-vino-ot-valeriya-zaharina-aleatiko-rozovoe-suhoe-115/04_conf075.jpg
q-001831	valeriy-zaharin-avtorskoe-vino-ot-valeriya-zaharina-bastardo-bastardo-magarachskiy-krasnoe-suhoe-12/01_conf095.jpg
q-001832	valeriy-zaharin-avtorskoe-vino-ot-valeriya-zaharina-bastardo-bastardo-magarachskiy-krasnoe-suhoe-12/03_conf095.jpg
q-001833	valeriy-zaharin-avtorskoe-vino-ot-valeriya-zaharina-bastardo-bastardo-magarachskiy-krasnoe-suhoe-12/04_conf095.jpg
q-001834	valeriy-zaharin-avtorskoe-vino-ot-valeriya-zaharina-krasnoe-pino-nuar-suhoe-125/02_conf095.jpg
q-001835	valeriy-zaharin-avtorskoe-vino-ot-valeriya-zaharina-krasnoe-pino-nuar-suhoe-125/03_conf095.jpg
q-001836	valeriy-zaharin-avtorskoe-vino-ot-valeriya-zaharina-krasnoe-pino-nuar-suhoe-125/04_conf095.jpg
q-001837	valeriy-zaharin-bakkal-su-aligote-beloe-suhoe-115/01_conf100.jpg
q-001838	valeriy-zaharin-bakkal-su-aligote-beloe-suhoe-115/02_conf088.jpg
q-001839	valeriy-zaharin-bakkal-su-kaberne-kaberne-sovinon-krasnoe-suhoe-125/01_conf095.jpg
q-001840	valeriy-zaharin-bakkal-su-muskat-ottonel-beloe-polusladkoe-115/01_conf095.jpg
q-001841	valeriy-zaharin-bakkal-su-muskat-ottonel-beloe-polusladkoe-115/02_agent.jpg
q-001842	valeriy-zaharin-bakkal-su-muskat-ottonel-beloe-polusladkoe-115/03_agent.jpg
q-001843	valeriy-zaharin-bastardo-kefesiya-avtohtonnoe-vino-kryma-bastardo-magarachskiy-krasnoe-suhoe-115/01_conf095.jpg
q-001844	valeriy-zaharin-kokur-klassika-kokur-belyy-beloe-bryut-115/01_conf095.jpg
q-001845	valeriy-zaharin-kokur-klassika-kokur-belyy-beloe-bryut-115/02_conf095.jpg
q-001846	valeriy-zaharin-kokur-klassika-kokur-belyy-beloe-bryut-115/03_conf095.jpg
q-001847	valeriy-zaharin-kokur-klassika-kokur-belyy-beloe-bryut-115/04_conf095.jpg
q-001848	valeriy-zaharin-kokur-valeriy-zaharin-kokur-belyy-beloe-polusladkoe-125/01_conf090.jpg
q-001849	valeriy-zaharin-paterum-bastardo-saperavi-kefesiya-bastardo-magarachskiy-krasnoe-suhoe-12/01_conf095.jpg
q-001850	valeriy-zaharin-risling-valeriy-zaharin-risling-reynskiy-beloe-polusladkoe-125/01_conf095.jpg
q-001851	valeriy-zaharin-sira-valeriy-zaharin-krasnoe-polusladkoe-125/01_conf097.jpg
q-001852	valeriy-zaharin-traminer-valeriy-zaharin-traminer-rozovyy-beloe-polusladkoe-105/01_conf095.jpg
q-001853	vaynkraft-kaberne-sovinon-krasnoe-suhoe-14/01_conf095.jpg
q-001854	vaynkraft-pino-nuar-krasnoe-suhoe-13/01_conf095.jpg
q-001855	vaynkraft-pino-nuar-krasnoe-suhoe-13/03_agent.jpg
q-001856	villa-di-alma-kaberne-sovinon-ekstra-bryut-rozovoe-125/01_conf095.jpg
q-001857	villa-di-alma-kaberne-sovinon-ekstra-bryut-rozovoe-125/02_conf092.jpg
q-001858	villa-di-alma-kaberne-sovinon-ekstra-bryut-rozovoe-125/03_conf088.jpg
q-001859	villa-sofiya-sovinon-blan-beloe-suhoe-123/01_conf095.jpg
q-001860	vina-arpachina-arpachino-inohodets-puhlyakovskiy-beloe-ekstra-bryut-125/02_agent.jpg
q-001861	vino-suhoe-beloe-endemy-shardone/01_conf100.jpg
q-001862	vino-suhoe-beloe-endemy-shardone/02_conf097.jpg
q-001863	vino-suhoe-beloe-endemy-shardone/03_conf095.jpg
q-001864	vino-suhoe-beloe-endemy-shardone/04_conf085.jpg
q-001865	vino-suhoe-beloe-endemy-sovinon/01_conf099.jpg
q-001866	vino-suhoe-beloe-endemy-sovinon/02_conf090.jpg
q-001867	vino-suhoe-beloe-endemy-sovinon/03_conf090.jpg
q-001868	vinodelnya-batrak-kaberne-kortis-krasnoe-suhoe-12/01_conf095.jpg
q-001869	vinodelnya-batrak-perfekt-klassik-kaberne-sovinon-krasnoe-suhoe-135/01_conf095.jpg
q-001870	vinodelnya-batrak-perfekt-klassik-muskat-rozovyy-rozovoe-suhoe-125/01_conf095.jpg
q-001871	vinodelnya-batrak-perfekt-klassik-muskat-rozovyy-rozovoe-suhoe-125/02_agent.jpg
q-001872	vinodelnya-batrak-perfekt-klassik-muskat-rozovyy-rozovoe-suhoe-125/03_agent.jpg
q-001873	vinodelnya-batrak-perfekt-klassik-pino-nuar-krasnoe-suhoe-12/01_conf095.jpg
q-001874	vinodelnya-batrak-perfekt-klassik-pino-nuar-krasnoe-suhoe-12/02_agent.jpg
q-001875	vinodelnya-batrak-perfekt-klassik-pino-nuar-krasnoe-suhoe-12/03_agent.jpg
q-001876	vinodelnya-batrak-perfekt-klassik-saperavi-krasnoe-suhoe-135/01_conf095.jpg
q-001877	vinodelnya-batrak-perfekt-klassik-saperavi-krasnoe-suhoe-135/02_agent.jpg
q-001878	vinodelnya-batrak-perfekt-klassik-saperavi-krasnoe-suhoe-135/03_agent.jpg
q-001879	vinodelnya-berdyaeva-shardone-beloe-suhoe-125/01_conf100.jpg
q-001880	vinodelnya-berdyaeva-shardone-beloe-suhoe-125/02_conf095.jpg
q-001881	vinodelnya-berdyaeva-shardone-beloe-suhoe-125/03_conf095.jpg
q-001882	vinodelnya-berdyaeva-shardone-beloe-suhoe-125/04_conf095.jpg
q-001883	vinodelnya-byurne-lyublyu-krasnoe-kaberne-fran-suhoe-135/01_conf098.jpg
q-001884	vinodelnya-byurne-lyublyu-krasnoe-kaberne-fran-suhoe-135/02_conf095.jpg
q-001885	vinodelnya-byurne-lyublyu-krasnoe-kaberne-fran-suhoe-135/03_conf095.jpg
q-001886	vinodelnya-byurne-merlo-krasnoe-suhoe-14/02_manual.webp
q-001887	vinodelnya-krinitsa-ester-muskat-belyy-beloe-suhoe-12/01_conf095.jpg
q-001888	vinodelnya-marchenko-gechei-zamatosh-beloe-suhoe-135/01_conf095.jpg
q-001889	vinodelnya-marchenko-kaberne-sovinon-krasnoe-suhoe-14/01_conf095.jpg
q-001890	vinodelnya-marchenko-krasnostop-zolotovskiy-krasnoe-suhoe-14/01_conf095.jpg
q-001891	vinodelnya-marchenko-krasnostop-zolotovskiy-krasnoe-suhoe-14/02_conf095.jpg
q-001892	vinodelnya-marchenko-mtsvane-mtsvane-kahetinskiy-beloe-suhoe-135/01_conf100.jpg
q-001893	vinodelnya-marchenko-vermilon-kaberne-azos-krasnoe-suhoe-14/01_conf100.jpg
q-001894	vinodelnya-myshako-blanc-de-blancs-shardone-beloe-bryut-121/01_conf095.jpg
q-001895	vinodelnya-myshako-chernoe-iz-chernogo-appassimento-kaberne-sovinon-krasnoe-suhoe-15/01_conf100.jpg
q-001896	vinodelnya-myshako-chernoe-iz-chernogo-appassimento-kaberne-sovinon-krasnoe-suhoe-15/02_conf097.jpg
q-001897	vinodelnya-myshako-chernoe-iz-chernogo-appassimento-kaberne-sovinon-krasnoe-suhoe-15/03_conf095.jpg
q-001898	vinodelnya-myshako-chernoe-iz-chernogo-appassimento-kaberne-sovinon-krasnoe-suhoe-15/04_conf095.jpg
q-001899	vinodelnya-myshako-chernoe-iz-krasnogo-appassimento-kaberne-sovinon-krasnoe-polusuhoe-15/01_conf095.jpg
q-001900	vinodelnya-myshako-chernoe-iz-krasnogo-appassimento-kaberne-sovinon-krasnoe-polusuhoe-15/02_conf095.jpg
q-001901	vinodelnya-myshako-chernoe-iz-krasnogo-appassimento-kaberne-sovinon-krasnoe-polusuhoe-15/03_conf095.jpg
q-001902	vinodelnya-myshako-chernoe-iz-krasnogo-appassimento-kaberne-sovinon-krasnoe-polusuhoe-15/04_conf095.jpg
q-001903	vinodelnya-myshako-chernyy-udar-marselan-krasnoe-suhoe-162/01_conf097.jpg
q-001904	vinodelnya-myshako-chernyy-udar-marselan-krasnoe-suhoe-162/02_conf095.jpg
q-001905	vinodelnya-myshako-chernyy-udar-marselan-krasnoe-suhoe-162/03_conf092.jpg
q-001906	vinodelnya-myshako-flute-blaufrankish-rozovoe-bryut-126/01_conf100.jpg
q-001907	vinodelnya-myshako-flute-bryut-beloe-shardone-11/01_conf095.jpg
q-001908	vinodelnya-myshako-flute-bryut-beloe-shardone-11/02_conf095.jpg
q-001909	vinodelnya-myshako-flute-bryut-beloe-shardone-11/03_conf095.jpg
q-001910	vinodelnya-myshako-flute-bryut-beloe-shardone-11/04_conf095.jpg
q-001911	vinodelnya-myshako-flute-gevyurtstraminer-sovinon-blan-beloe-bryut-122/01_conf100.jpg
q-001912	vinodelnya-myshako-flute-gevyurtstraminer-sovinon-blan-beloe-bryut-122/02_conf095.jpg
q-001913	vinodelnya-myshako-flute-gevyurtstraminer-sovinon-blan-beloe-bryut-122/03_conf090.jpg
q-001914	vinodelnya-myshako-flute-vione-aligote-beloe-bryut-12/01_conf095.jpg
q-001915	vinodelnya-myshako-flute-vione-aligote-beloe-bryut-12/02_conf095.jpg
q-001916	vinodelnya-myshako-kaberne-fran-avtorskaya-tehnologiya-krasnoe-suhoe-142/01_conf098.jpg
q-001917	vinodelnya-myshako-kaberne-fran-krasnoe-suhoe-142/01_conf095.jpg
q-001918	vinodelnya-myshako-kaberne-sovinon-black-out-krasnoe-polusuhoe-16/01_conf095.jpg
q-001919	vinodelnya-myshako-kaberne-sovinon-krasnoe-suhoe-138/01_conf099.jpg
q-001920	vinodelnya-myshako-kaberne-sovinon-krasnoe-suhoe-138/02_conf099.jpg
q-001921	vinodelnya-myshako-kaberne-sovinon-krasnoe-suhoe-138/03_conf098.jpg
q-001922	vinodelnya-myshako-kaberne-sovinon-krasnoe-suhoe-138/04_conf095.jpg
q-001923	vinodelnya-myshako-kaberne-sovinon-merlo-kyuve-krasnoe-suhoe-142/01_conf098.jpg
q-001924	vinodelnya-myshako-kaberne-sovinon-merlo-kyuve-krasnoe-suhoe-142/02_conf095.jpg
q-001925	vinodelnya-myshako-kaberne-sovinon-merlo-kyuve-krasnoe-suhoe-142/03_conf085.jpg
q-001926	vinodelnya-myshako-marselan-avtorskaya-tehnologiya-krasnoe-suhoe-144/01_conf099.jpg
q-001927	vinodelnya-myshako-marselan-avtorskaya-tehnologiya-krasnoe-suhoe-144/02_conf098.jpg
q-001928	vinodelnya-myshako-marselan-avtorskaya-tehnologiya-krasnoe-suhoe-144/03_conf095.jpg
q-001929	vinodelnya-myshako-marselan-avtorskaya-tehnologiya-krasnoe-suhoe-144/04_conf095.jpg
q-001930	vinodelnya-myshako-marselan-krasnoe-suhoe-143/01_conf100.jpg
q-001931	vinodelnya-myshako-marselan-krasnoe-suhoe-143/02_conf095.jpg
q-001932	vinodelnya-myshako-marselan-krasnoe-suhoe-143/03_conf095.jpg
q-001933	vinodelnya-myshako-marselan-krasnoe-suhoe-143/04_conf095.jpg
q-001934	vinodelnya-myshako-marselan-krasnoe-suhoe-144/01_conf100.jpg
q-001935	vinodelnya-myshako-marselan-krasnoe-suhoe-144/02_conf095.jpg
q-001936	vinodelnya-myshako-marselan-krasnoe-suhoe-144/03_conf095.jpg
q-001937	vinodelnya-myshako-marselan-krasnoe-suhoe-144/04_conf095.jpg
q-001938	vinodelnya-myshako-marselan-mode-appassimento-krasnoe-suhoe-146/01_conf100.jpg
q-001939	vinodelnya-myshako-marselan-mode-krasnoe-suhoe-145/01_conf095.jpg
q-001940	vinodelnya-myshako-marselan-mode-krasnoe-suhoe-145/02_conf090.jpg
q-001941	vinodelnya-myshako-marselan-mode-krasnoe-suhoe-145/02_conf095.jpg
q-001942	vinodelnya-myshako-marselan-mode-krasnoe-suhoe-145/03_conf090.jpg
q-001943	vinodelnya-myshako-merlo-black-out-krasnoe-sladkoe-14/01_conf095.jpg
q-001944	vinodelnya-myshako-merlo-black-out-krasnoe-sladkoe-14/02_conf095.jpg
q-001945	vinodelnya-myshako-merlo-black-out-krasnoe-sladkoe-14/03_conf095.jpg
q-001946	vinodelnya-myshako-merlo-black-out-krasnoe-sladkoe-14/04_conf095.jpg
q-001947	vinodelnya-myshako-merlo-tempranilo-kyuve-krasnoe-polusladkoe-135/01_conf097.jpg
q-001948	vinodelnya-myshako-merlo-tempranilo-kyuve-krasnoe-polusladkoe-135/02_conf095.jpg
q-001949	vinodelnya-myshako-merlo-tempranilo-kyuve-krasnoe-polusladkoe-135/03_conf095.jpg
q-001950	vinodelnya-myshako-merlo-zinfandel-kyuve-rozovoe-suhoe-128/02_conf095.jpg
q-001951	vinodelnya-myshako-myshako-kyuve-rozovoe-pino-nuar-bryut-123/02_conf078.jpg
q-001952	vinodelnya-myshako-oranzhevoe-iz-belogo-gevyurtstraminer-krasnoe-suhoe-142/01_conf095.jpg
q-001953	vinodelnya-myshako-oranzhevoe-iz-belogo-gevyurtstraminer-krasnoe-suhoe-142/02_conf095.jpg
q-001954	vinodelnya-myshako-oranzhevoe-iz-belogo-gevyurtstraminer-krasnoe-suhoe-142/03_conf095.jpg
q-001955	vinodelnya-myshako-oranzhevoe-iz-belogo-gevyurtstraminer-krasnoe-suhoe-142/04_conf095.jpg
q-001956	vinodelnya-myshako-pino-gridzhio-beloe-polusuhoe-123/01_conf100.jpg
q-001957	vinodelnya-myshako-pino-gridzhio-beloe-polusuhoe-123/02_conf095.jpg
q-001958	vinodelnya-myshako-pino-gridzhio-beloe-polusuhoe-123/03_conf095.jpg
q-001959	vinodelnya-myshako-quintessence-aligote-beloe-suhoe-128/01_conf095.jpg
q-001960	vinodelnya-myshako-quintessence-blaufrankish-rozovoe-bryut-115/01_conf095.jpg
q-001961	vinodelnya-myshako-quintessence-blaufrankish-rozovoe-bryut-115/02_conf095.jpg
q-001962	vinodelnya-myshako-quintessence-blaufrankish-rozovoe-bryut-115/03_conf092.jpg
q-001963	vinodelnya-myshako-quintessence-brut-muskat-muskat-belyy-beloe-bryut-12/01_conf100.jpg
q-001964	vinodelnya-myshako-quintessence-brut-muskat-muskat-belyy-beloe-bryut-12/02_conf100.jpg
q-001965	vinodelnya-myshako-quintessence-brut-muskat-muskat-belyy-beloe-bryut-12/03_conf095.jpg
q-001966	vinodelnya-myshako-quintessence-brut-muskat-muskat-belyy-beloe-bryut-12/04_conf095.jpg
q-001967	vinodelnya-myshako-quintessence-brut-vione-beloe-bryut-115/01_conf095.jpg
q-001968	vinodelnya-myshako-quintessence-brut-vione-beloe-bryut-115/02_conf095.jpg
q-001969	vinodelnya-myshako-quintessence-brut-vione-beloe-bryut-115/03_conf095.jpg
q-001970	vinodelnya-myshako-quintessence-brut-vione-beloe-bryut-115/04_conf095.jpg
q-001971	vinodelnya-myshako-quintessence-kaberne-sovinon-ripasso-krasnoe-suhoe-152/01_conf098.jpg
q-001972	vinodelnya-myshako-quintessence-new-generation-brut-white-shardone-beloe-bryut-11/01_conf100.jpg
q-001973	vinodelnya-myshako-quintessence-new-generation-brut-white-shardone-beloe-bryut-11/04_conf095.jpg
q-001974	vinodelnya-myshako-quintessence-new-generation-kaberne-fran-krasnoe-suhoe-145/01_conf100.jpg
q-001975	vinodelnya-myshako-quintessence-new-generation-risling-zekt-beloe-bryut-125/01_conf100.jpg
q-001976	vinodelnya-myshako-quintessence-new-generation-risling-zekt-beloe-bryut-125/02_conf098.jpg
q-001977	vinodelnya-myshako-quintessence-new-generation-risling-zekt-beloe-bryut-125/03_conf095.jpg
q-001978	vinodelnya-myshako-quintessence-new-generation-risling-zekt-beloe-bryut-125/04_conf072.jpg
q-001979	vinodelnya-myshako-quintessence-new-generation-semi-dry-rose-pino-nuar-rozovoe-polusuhoe-11/01_conf095.jpg
q-001980	vinodelnya-myshako-quintessence-new-generation-semi-dry-rose-pino-nuar-rozovoe-polusuhoe-11/02_conf090.jpg
q-001981	vinodelnya-myshako-quintessence-new-generation-semi-dry-rose-pino-nuar-rozovoe-polusuhoe-11/02_conf095.jpg
q-001982	vinodelnya-myshako-quintessence-new-generation-semi-dry-rose-pino-nuar-rozovoe-polusuhoe-11/03_conf090.jpg
q-001983	vinodelnya-myshako-quintessence-new-generation-semi-dry-rose-pino-nuar-rozovoe-polusuhoe-11/04_conf085.jpg
q-001984	vinodelnya-myshako-quintessence-new-generation-semi-sweet-white-vione-beloe-polusladkoe-11/01_conf095.jpg
q-001985	vinodelnya-myshako-quintessence-new-generation-semi-sweet-white-vione-beloe-polusladkoe-11/02_conf095.jpg
q-001986	vinodelnya-myshako-quintessence-new-generation-sovinon-blan-beloe-suhoe-122/01_conf095.jpg
q-001987	vinodelnya-myshako-quintessence-new-generation-sovinon-blan-beloe-suhoe-122/02_conf095.jpg
q-001988	vinodelnya-myshako-quintessence-new-generation-tempranilo-krasnoe-suhoe-134/01_conf095.jpg
q-001989	vinodelnya-myshako-quintessence-new-generation-zinfandel-rozovoe-polusuhoe-115/01_conf100.jpg
q-001990	vinodelnya-myshako-quintessence-new-generation-zinfandel-rozovoe-polusuhoe-115/02_conf085.jpg
q-001991	vinodelnya-myshako-quintessence-sovinon-blan-bryut-beloe-115/01_conf090.jpg
q-001992	vinodelnya-myshako-quintessence-storm-pino-nuar-beloe-suhoe-128/01_conf095.jpg
q-001993	vinodelnya-myshako-quintessence-storm-shiraz-krasnoe-polusuhoe-15/01_conf095.jpg
q-001994	vinodelnya-myshako-quintessence-zinfandel-krasnoe-suhoe-155/01_conf100.jpg
q-001995	vinodelnya-myshako-quintessence-zinfandel-krasnoe-suhoe-155/02_conf095.jpg
q-001996	vinodelnya-myshako-quintessence-zinfandel-krasnoe-suhoe-155/03_conf095.jpg
q-001997	vinodelnya-myshako-risling-beloe-suhoe-123/01_conf095.jpg
q-001998	vinodelnya-myshako-risling-beloe-suhoe-123/02_conf095.jpg
q-001999	vinodelnya-myshako-risling-beloe-suhoe-123/03_conf095.jpg
q-002000	vinodelnya-myshako-risling-kyuve-bryut-beloe-126/01_conf095.jpg
q-002001	vinodelnya-myshako-rose-de-noirs-pino-nuar-rozovoe-bryut-123/01_conf095.jpg
q-002002	vinodelnya-myshako-sesto-senso-fruktovyy-vzryv-kaberne-sovinon-krasnoe-suhoe-155/01_conf095.jpg
q-002003	vinodelnya-myshako-sesto-senso-tropicheskiy-vzryv-gevyurtstraminer-beloe-suhoe-12/01_conf100.jpg
q-002004	vinodelnya-myshako-sesto-senso-tropicheskiy-vzryv-gevyurtstraminer-beloe-suhoe-12/02_conf095.jpg
q-002005	vinodelnya-myshako-sesto-senso-tropicheskiy-vzryv-gevyurtstraminer-beloe-suhoe-12/04_conf095.jpg
q-002006	vinodelnya-myshako-sesto-senso-tropicheskiy-vzryv-sovinon-blan-beloe-suhoe-12/01_conf100.jpg
q-002007	vinodelnya-myshako-sesto-senso-tropicheskiy-vzryv-sovinon-blan-beloe-suhoe-12/02_conf095.jpg
q-002008	vinodelnya-myshako-sesto-senso-tropicheskiy-vzryv-sovinon-blan-beloe-suhoe-12/03_conf095.jpg
q-002009	vinodelnya-myshako-sesto-senso-tropicheskiy-vzryv-sovinon-blan-beloe-suhoe-12/04_conf095.jpg
q-002010	vinodelnya-myshako-sesto-senso-yagodnyy-vzryv-merlo-rozovoe-suhoe-122/01_conf100.jpg
q-002011	vinodelnya-myshako-sesto-senso-yagodnyy-vzryv-merlo-rozovoe-suhoe-122/02_conf095.jpg
q-002012	vinodelnya-myshako-sesto-senso-yagodnyy-vzryv-merlo-rozovoe-suhoe-122/03_conf095.jpg
q-002013	vinodelnya-myshako-sesto-senso-yagodnyy-vzryv-merlo-rozovoe-suhoe-122/04_conf095.jpg
q-002014	vinodelnya-myshako-shardone-aligote-kyuve-beloe-suhoe-125/01_conf095.jpg
q-002015	vinodelnya-myshako-shardone-aligote-kyuve-beloe-suhoe-125/02_conf095.jpg
q-002016	vinodelnya-myshako-shardone-aligote-kyuve-beloe-suhoe-125/03_agent.jpg
q-002017	vinodelnya-myshako-shardone-aligote-kyuve-beloe-suhoe-125/04_agent.jpg
q-002018	vinodelnya-myshako-shardone-avtorskaya-tehnologiya-beloe-suhoe-155/01_conf095.jpg
q-002019	vinodelnya-myshako-shardone-avtorskaya-tehnologiya-beloe-suhoe-155/02_conf095.jpg
q-002020	vinodelnya-myshako-shardone-avtorskaya-tehnologiya-beloe-suhoe-155/03_manual.jpg
q-002021	vinodelnya-myshako-shardone-avtorskaya-tehnologiya-beloe-suhoe-155/04_manual.jpg
q-002022	vinodelnya-myshako-shardone-beloe-suhoe-123/01_conf100.jpg
q-002023	vinodelnya-myshako-shardone-beloe-suhoe-123/02_conf095.jpg
q-002024	vinodelnya-myshako-shardone-beloe-suhoe-123/03_conf095.jpg
q-002025	vinodelnya-myshako-shardone-beloe-suhoe-145/01_conf097.jpg
q-002026	vinodelnya-myshako-shardone-beloe-suhoe-145/03_conf095.jpg
q-002027	vinodelnya-myshako-shardone-beloe-suhoe-145/04_conf095.jpg
q-002028	vinodelnya-myshako-shardone-beloe-suhoe-145/05_manual.webp
q-002029	vinodelnya-myshako-shiraz-black-out-krasnoe-suhoe-152/01_conf095.jpg
q-002030	vinodelnya-myshako-shiraz-black-out-krasnoe-suhoe-152/02_conf095.jpg
q-002031	vinodelnya-myshako-shiraz-black-out-krasnoe-suhoe-152/04_conf090.jpg
q-002032	vinodelnya-myshako-shiraz-krasnoe-suhoe-146/01_conf098.jpg
q-002033	vinodelnya-myshako-shiraz-krasnoe-suhoe-146/02_conf097.jpg
q-002034	vinodelnya-myshako-shiraz-krasnoe-suhoe-146/03_conf095.jpg
q-002035	vinodelnya-myshako-sira-marselan-kyuve-krasnoe-suhoe-136/01_conf099.jpg
q-002036	vinodelnya-myshako-sira-marselan-kyuve-krasnoe-suhoe-136/02_conf095.jpg
q-002037	vinodelnya-myshako-sira-marselan-kyuve-krasnoe-suhoe-136/03_conf095.jpg
q-002038	vinodelnya-myshako-sira-marselan-kyuve-krasnoe-suhoe-136/04_conf095.jpg
q-002039	vinodelnya-myshako-sira-marselan-kyuve-krasnoe-suhoe-136/05_agent.webp
q-002040	vinodelnya-myshako-sira-marselan-kyuve-krasnoe-suhoe-136/06_agent.webp
q-002041	vinodelnya-myshako-sira-marselan-kyuve-krasnoe-suhoe-136/08_agent.webp
q-002042	vinodelnya-myshako-sovinon-blan-avtorskaya-tehnologiya-mono-beloe-suhoe-128/01_conf060.jpg
q-002043	vinodelnya-myshako-sovinon-blan-avtorskaya-tehnologiya-mono-beloe-suhoe-128/02_manual.jpg
q-002044	vinodelnya-myshako-sovinon-blan-avtorskaya-tehnologiya-mono-beloe-suhoe-128/03_manual.jpg
q-002045	vinodelnya-myshako-sovinon-blan-beloe-suhoe-122/01_conf095.jpg
q-002046	vinodelnya-myshako-sovinon-blan-beloe-suhoe-122/02_conf090.jpg
q-002047	vinodelnya-myshako-sovinon-blan-beloe-suhoe-122/03_conf070.jpg
q-002048	vinodelnya-myshako-sovinon-blan-beloe-suhoe-122/04_manual.jpg
q-002049	vinodelnya-myshako-sovinon-blan-beloe-suhoe-122/05_manual.webp
q-002050	vinodelnya-myshako-sovinon-blan-blanc-out-beloe-suhoe-138/01_conf090.jpg
q-002051	vinodelnya-myshako-sovinon-blan-mode-cold-style-beloe-suhoe-122/01_conf095.jpg
q-002052	vinodelnya-myshako-sovinon-blan-mode-cold-style-beloe-suhoe-122/02_conf095.jpg
q-002053	vinodelnya-myshako-sovinon-blan-mode-cold-style-beloe-suhoe-122/03_manual.webp
q-002054	vinodelnya-myshako-sovinon-blan-mode-petnat-beloe-bryut-12/02_conf095.jpg
q-002055	vinodelnya-myshako-sovinon-blan-mode-petnat-beloe-bryut-12/04_manual.jpg
q-002056	vinodelnya-myshako-sovinon-blan-vione-kyuve-beloe-suhoe-125/01_conf095.jpg
q-002057	vinodelnya-myshako-sovinon-semilon-kyuve-sovinon-blan-beloe-suhoe-132/01_conf085.jpg
q-002058	vinodelnya-myshako-tempranilo-rozovoe-suhoe-134/01_conf086.jpg
q-002059	vinodelnya-myshako-zinfandel-mode-krasnoe-suhoe-148/01_conf095.jpg
q-002060	vinodelnya-myshako-zinfandel-mode-krasnoe-suhoe-148/02_conf095.jpg
q-002061	vinodelnya-myshako-zinfandel-mode-krasnoe-suhoe-148/03_conf088.jpg
q-002062	vinodelnya-myshako-zinfandel-mode-petnat-rozovoe-polusuhoe-12/01_conf095.jpg
q-002063	vinodelnya-myshako-zinfandel-mode-petnat-rozovoe-polusuhoe-12/02_conf095.jpg
q-002064	vinodelnya-myshako-zinfandel-mode-petnat-rozovoe-polusuhoe-12/03_conf095.jpg
q-002065	vinodelnya-pokrovskaya-marinka-marinovskiy-rozovoe-suhoe-123/01_conf095.jpg
q-002066	vinodelnya-pokrovskaya-marinka-marinovskiy-rozovoe-suhoe-123/02_conf095.jpg
q-002067	vinodelnya-pokrovskaya-risling-pokrovskoe-risling-reynskiy-beloe-suhoe-13/01_conf095.jpg
q-002068	vinodelnya-pokrovskaya-risling-pokrovskoe-risling-reynskiy-beloe-suhoe-13/02_conf095.jpg
q-002069	vinodelnya-pokrovskaya-rkatsiteli-shardone-pokrovskoe-beloe-suhoe-13/01_conf095.jpg
q-002070	vinodelnya-pokrovskaya-rkatsiteli-shardone-pokrovskoe-beloe-suhoe-13/02_conf095.jpg
q-002071	vinodelnya-pokrovskaya-rozovoe-marinovskiy-suhoe-135/01_conf090.jpg
q-002072	vinodelnya-pokrovskaya-sovinon-blan-pokrovskoe-beloe-suhoe-12/01_conf095.jpg
q-002073	vinodelnya-pokrovskaya-sovinon-blan-pokrovskoe-beloe-suhoe-12/02_conf095.jpg
q-002074	vinodelnya-raevskoe-parfyum-de-terruar-muskat-muskat-zheltyy-beloe-suhoe-123/01_conf095.jpg
q-002075	vinodelnya-raevskoe-renessans-karmener-krasnoe-suhoe-12/01_conf095.jpg
q-002076	vinodelnya-raevskoe-renessans-krasnoe-kaberne-sovinon-suhoe-13/01_conf095.png
q-002077	vinodelnya-raevskoe-renessans-krasnoe-kaberne-sovinon-suhoe-13/03_conf090.jpg
q-002078	vinodelnya-raevskoe-renessans-pti-verdo-krasnoe-suhoe-145/01_conf095.jpg
q-002079	vinodelnya-uzunov-bunt-tsitronnyy-magaracha-beloe-suhoe-132/01_conf095.jpg
q-002080	vinodelnya-uzunov-mono-kaberne-sovinon-krasnoe-suhoe-139/01_conf100.jpg
q-002081	vinodelnya-uzunov-mono-krasnostop-krasnostop-zolotovskiy-krasnoe-suhoe-139/01_conf095.jpg
q-002082	vinodelnya-uzunov-nrav-krasnostop-zolotovskiy-krasnoe-suhoe-132/01_conf095.jpg
q-002083	vinodelnya-uzunov-nrav-rezerv-krasnostop-zolotovskiy-krasnoe-suhoe-139/01_conf095.jpg
q-002084	vinodelnya-uzunov-rash-rezerv-risling-reynskiy-beloe-suhoe-127/01_conf095.jpg
q-002085	vinodelnya-uzunov-roze-ekstra-bryut-kaberne-sovinon-rozovoe-127/03_agent.jpg
q-002086	vinodelnya-uzunov-sovinon-blan-beloe-suhoe-125/01_conf100.jpg
q-002087	vinodelnya-vedernikov-fantom-3070-krasnostop-zolotovskiy-krasnoe-suhoe-145/01_conf095.jpg
q-002088	vinodelnya-vedernikov-fantom-3070-krasnostop-zolotovskiy-krasnoe-suhoe-145/03_conf085.jpg
q-002089	vinodelnya-vedernikov-fantom-3070-krasnostop-zolotovskiy-krasnoe-suhoe-145/04_manual.jpg
q-002090	vinodelnya-vedernikov-fantom-3070-krasnostop-zolotovskiy-krasnoe-suhoe-145/05_manual.webp
q-002091	vinodelnya-vedernikov-fantom-3070-krasnostop-zolotovskiy-krasnoe-suhoe-145/06_manual.webp
q-002092	vinodelnya-vedernikov-fantom-3070-krasnostop-zolotovskiy-krasnoe-suhoe-145/07_manual.webp
q-002093	vinodelnya-vedernikov-fantom-3070-krasnostop-zolotovskiy-krasnoe-suhoe-145/08_manual.jpg
q-002094	vinodelnya-vedernikov-fantom-5050-krasnostop-zolotovskiy-krasnoe-suhoe-145/01_conf095.jpg
q-002095	vinodelnya-vedernikov-fantom-5050-krasnostop-zolotovskiy-krasnoe-suhoe-145/02_conf095.jpg
q-002096	vinodelnya-vedernikov-fantom-5050-krasnostop-zolotovskiy-krasnoe-suhoe-145/03_conf095.jpg
q-002097	vinodelnya-vedernikov-fantom-5050-krasnostop-zolotovskiy-krasnoe-suhoe-145/04_manual.webp
q-002098	vinodelnya-vedernikov-fantom-5050-krasnostop-zolotovskiy-krasnoe-suhoe-145/05_manual.jpg
q-002099	vinodelnya-vedernikov-fantom-5050-krasnostop-zolotovskiy-krasnoe-suhoe-145/06_manual.jpg
q-002100	vinodelnya-vedernikov-fantom-5050-krasnostop-zolotovskiy-krasnoe-suhoe-145/07_manual.jpg
q-002101	vinodelnya-vedernikov-fantom-5050-krasnostop-zolotovskiy-krasnoe-suhoe-145/08_manual.jpg
q-002102	vinodelnya-vedernikov-fantom-5050-krasnostop-zolotovskiy-krasnoe-suhoe-145/09_manual.jpg
q-002103	vinodelnya-vedernikov-fantom-5050-krasnostop-zolotovskiy-krasnoe-suhoe-145/10_manual.jpg
q-002104	vinodelnya-vedernikov-fantom-7030-krasnostop-zolotovskiy-krasnoe-suhoe-15/01_conf095.jpg
q-002105	vinodelnya-vedernikov-fantom-7030-krasnostop-zolotovskiy-krasnoe-suhoe-15/02_conf095.jpg
q-002106	vinodelnya-vedernikov-fantom-7030-krasnostop-zolotovskiy-krasnoe-suhoe-15/03_manual.jpg
q-002107	vinodelnya-vedernikov-fantom-7030-krasnostop-zolotovskiy-krasnoe-suhoe-15/04_manual.webp
q-002108	vinodelnya-vedernikov-gubernatorskiy-rezerv-krasnoe-kaberne-sovinon-suhoe-14/01_conf097.jpg
q-002109	vinodelnya-vedernikov-gubernatorskoe-golubok-krasnoe-suhoe-11/01_conf095.jpg
q-002110	vinodelnya-vedernikov-gubernatorskoe-kaberne-krasnostop-zolotovskiy-krasnoe-suhoe-12/01_conf100.jpg
q-002111	vinodelnya-vedernikov-gubernatorskoe-kaberne-krasnostop-zolotovskiy-krasnoe-suhoe-12/02_conf100.jpg
q-002112	vinodelnya-vedernikov-gubernatorskoe-kaberne-krasnostop-zolotovskiy-krasnoe-suhoe-12/03_conf098.jpg
q-002113	vinodelnya-vedernikov-gubernatorskoe-kaberne-krasnostop-zolotovskiy-krasnoe-suhoe-12/04_conf097.jpg
q-002114	vinodelnya-vedernikov-gubernatorskoe-risling-beloe-suhoe-12/01_conf090.jpg
q-002115	vinodelnya-vedernikov-gubernatorskoe-rkatsiteli-beloe-suhoe-13/01_conf095.jpg
q-002116	vinodelnya-vedernikov-gubernatorskoe-rkatsiteli-beloe-suhoe-13/02_conf095.jpg
q-002117	vinodelnya-vedernikov-gubernatorskoe-rkatsiteli-beloe-suhoe-13/03_conf095.jpg
q-002118	vinodelnya-vedernikov-gubernatorskoe-rozovoe-tsimlyanskiy-chernyy-suhoe-11/01_conf065.jpg
q-002119	vinodelnya-vedernikov-kaberne-sovinon-krasnoe-suhoe-14/01_conf095.jpg
q-002120	vinodelnya-vedernikov-krasnostop-zolotovskiy-krasnoe-suhoe-13/02_conf099.jpg
q-002121	vinodelnya-vedernikov-krasnostop-zolotovskiy-rezerv-krasnoe-suhoe-15/02_conf100.jpg
q-002122	vinodelnya-vedernikov-krasnostop-zolotovskiy-rezerv-krasnoe-suhoe-15/03_conf095.jpg
q-002123	vinodelnya-vedernikov-pravoberezhnoe-beloe-aligote-suhoe-13/01_conf095.jpg
q-002124	vinodelnya-vedernikov-pravoberezhnoe-krasnoe-kaberne-sovinon-suhoe-145/01_conf095.jpg
q-002125	vinodelnya-vedernikov-rkatsiteli-beloe-suhoe-13/01_conf095.jpg
q-002126	vinodelnya-vedernikov-tsimlyanskiy-chernyy-rozovyy-rozovoe-suhoe-125/01_conf095.jpg
q-002127	vinodelnya-vedernikov-vedernikov-dolina-dona-beloe-suhoe-aligote-12/01_conf100.jpg
q-002128	vinodelnya-vedernikov-vedernikov-dolina-dona-krasnoe-suhoe-kaberne-sovinon-125/01_conf095.jpg
q-002129	vinodelnya-vedernikov-vedernikov-krasnostop-zolotovskiy-magnum-krasnoe-suhoe-145/02_conf095.jpg
q-002130	vinodelnya-vedernikov-vedernikov-krasnostop-zolotovskiy-magnum-krasnoe-suhoe-145/03_conf095.jpg
q-002131	vinodelnya-vedernikov-vedernikov-puhlyakovskiy-beloe-suhoe-12/01_conf099.jpg
q-002132	vinodelnya-vedernikov-vedernikov-puhlyakovskiy-beloe-suhoe-12/02_conf090.jpg
q-002133	vinodelnya-zhakov-kokurkod-beloe-suhoe-118/01_agent.webp
q-002134	vinodelnya-zhakov-kokurkod-beloe-suhoe-118/02_manual.webp
q-002135	vinodelnya-zhakov-neoranzh-vostorg-beloe-suhoe-123/01_conf100.jpg
q-002136	vinodelnya-zhakov-neoranzh-vostorg-beloe-suhoe-123/02_conf095.jpg
q-002137	vinogradniki-gay-kodzora-gewurztraminer-de-gai-kodzor-gevyurtstraminer-beloe-polusuhoe-135/01_conf095.jpg
q-002138	vinogradniki-gay-kodzora-terroir-red-klyon-de-ga-kodzor-sira-krasnoe-suhoe-14/01_conf100.jpg
q-002139	vinogradniki-gay-kodzora-viognier-de-ga-kodzor-vione-beloe-suhoe-125/01_conf095.jpg
q-002140	vysokij-bereg-czvajgelt/01_conf100.jpg
q-002141	vysokij-bereg-czvajgelt/02_conf100.jpg
q-002142	vysokij-bereg-risling-zelenaya-seriya-1/03_manual.webp
q-002143	vysokij-bereg-risling-zelenaya-seriya-1/04_manual.webp
q-002144	vysokij-bereg-risling-zelenaya-seriya-1/05_manual.jpg
q-002145	vysokij-bereg-risling-zelenaya-seriya-1/06_manual.jpg
q-002146	vysokij-bereg-risling-zelenaya-seriya-2/01_conf100.jpg
q-002147	vysokij-bereg-risling-zelenaya-seriya-2/02_conf097.jpg
q-002148	vysokij-bereg-risling-zelenaya-seriya-2/03_conf095.jpg
q-002149	vysokij-bereg-risling-zelenaya-seriya-2/04_conf095.jpg
q-002150	vysokij-bereg-risling-zelenaya-seriya-2/05_manual.jpg
q-002151	vysokij-bereg-risling-zelenaya-seriya-2/06_manual.jpg
q-002152	vysokij-bereg-risling-zelenaya-seriya/01_conf095.jpg
q-002153	vysokij-bereg-risling-zelenaya-seriya/01_conf095_moved2.jpg
q-002154	vysokij-bereg-risling-zelenaya-seriya/02_conf090.jpg
q-002155	vysokij-bereg-risling-zelenaya-seriya/02_conf095.jpg
q-002156	vysokij-bereg-risling-zelenaya-seriya/03_conf090.jpg
q-002157	vysokij-bereg-risling-zelenaya-seriya/04_manual.jpg
q-002158	vysokij-bereg-risling-zelenaya-seriya/05_manual.jpg
q-002159	vysokij-bereg-risling-zelenaya-seriya/06_manual.jpg
q-002160	wine/01_conf095.jpg
q-002161	wine/02_conf095.jpg
q-002162	wine/03_conf095.jpg
q-002163	wine/04_conf095.jpg
q-002164	winemaker-selection/01_conf095.jpg
q-002165	winepark-kokur-kokur-belyy-beloe-suhoe-13/01_manual.webp
q-002166	winepark-kokur-kokur-belyy-beloe-suhoe-13/03_manual.webp
q-002167	yaiyla-winery-kokur-kokur-belyy-beloe-suhoe-13/01_manual.jpg
q-002168	yaiyla-winery-kokur-kokur-belyy-beloe-suhoe-13/02_manual.jpg
q-002169	yaiyla-winery-kokur-kokur-belyy-beloe-suhoe-13/03_manual.jpg
q-002170	yaiyla-winery-kokur-kokur-belyy-beloe-suhoe-13/04_manual.webp
q-002171	zb-wine-moscato-beloe-polusladkoe/01_conf100.jpg
q-002172	zimovets-avtohton-tsimlyanskiy-chernyy-krasnoe-suhoe-135/01_conf095.jpg
q-002173	zimovets-avtohton-tsimlyanskiy-chernyy-krasnoe-suhoe-135/02_conf085.jpg
q-002174	zimovets-avtohton-tsimlyanskiy-chernyy-krasnoe-suhoe-135/03_manual.webp
q-002175	zmv-koktebel-atmosfera-rkatsiteli-aligote-kokur-muskat-belyy-shardone-beloe-polusladkoe-11/01_agent.jpg
q-002176	zmv-koktebel-atmosfera-rkatsiteli-aligote-kokur-muskat-belyy-shardone-beloe-polusladkoe-11/02_manual.jpg
q-002177	zmv-koktebel-atmosfera-rkatsiteli-aligote-kokur-muskat-belyy-shardone-beloe-polusladkoe-11/03_manual.webp
q-002178	zmv-koktebel-atmosfera-rkatsiteli-aligote-kokur-muskat-belyy-shardone-beloe-polusladkoe-11/04_manual.webp
q-002179	zmv-koktebel-bastardo-krasnoe-suhoe-14/01_conf095.jpg
q-002180	zmv-koktebel-bastardo-krasnoe-suhoe-14/02_conf095.jpg
q-002181	zmv-koktebel-bastardo-krasnoe-suhoe-14/03_conf095.jpg
q-002182	zmv-koktebel-kagor-vysshego-kachestva-kaberne-sovinon-krasnoe-sladkoe-16/01_conf098.jpg
q-002183	zmv-koktebel-madera-albilo-beloe-sladkoe-19/01_conf100.jpg
q-002184	zmv-koktebel-oranzh-rkatsiteli-beloe-suhoe-125/01_conf095.jpg
q-002185	zmv-koktebel-portveyn-beloe-kreplyonoe-aligote-sladkoe-17/01_conf095.jpg
q-002186	zmv-koktebel-portveyn-beloe-kreplyonoe-aligote-sladkoe-17/02_conf095.jpg
q-002187	zmv-koktebel-portveyn-beloe-kreplyonoe-aligote-sladkoe-17/03_manual.webp
q-002188	zmv-koktebel-portveyn-beloe-kreplyonoe-aligote-sladkoe-17/04_manual.jpg
q-002189	zmv-koktebel-portveyn-beloe-kreplyonoe-aligote-sladkoe-17/05_manual.webp
q-002190	zmv-koktebel-portveyn-beloe-kreplyonoe-aligote-sladkoe-17/06_manual.jpg
q-002191	zmv-koktebel-portveyn-beloe-kreplyonoe-aligote-sladkoe-17/07_manual.jpg
q-002192	zmv-koktebel-portveyn-krasnoe-kreplyonoe-kaberne-sovinon-sladkoe-17/01_conf095.jpg
q-002193	zmv-koktebel-portveyn-krasnoe-kreplyonoe-kaberne-sovinon-sladkoe-17/02_conf095.jpg
q-002194	zmv-koktebel-portveyn-krasnoe-kreplyonoe-kaberne-sovinon-sladkoe-17/03_conf095.jpg
q-002195	zmv-koktebel-portveyn-krasnoe-kreplyonoe-kaberne-sovinon-sladkoe-17/04_manual.jpg
q-002196	zolotaya-balka-blanc-de-neige-shardone-beloe-suhoe-125/02_agent.jpg
q-002197	zolotaya-balka-igristoe-krasnoe-polusladkoe/02_conf095.jpg
q-002198	zolotaya-balka-igristoe-krasnoe-polusladkoe/03_conf095.jpg
q-002199	zolotaya-balka-igristoe-krasnoe-polusladkoe/04_conf095.jpg
q-002200	zolotaya-balka-zb-frizzante-dry-risling-beloe-suhoe-10/01_conf100.jpg
q-002201	zolotaya-balka-zb-frizzante-dry-risling-beloe-suhoe-10/02_conf095.jpg
q-002202	zolotaya-balka-zb-frizzante-dry-risling-beloe-suhoe-10/03_conf095.jpg
q-002203	zolotaya-balka-zb-frizzante-semi-dry-rose-risling-rozovoe-polusuhoe-10/01_conf095.jpg
q-002204	zolotaya-balka-zb-frizzante-semi-dry-rose-risling-rozovoe-polusuhoe-10/02_conf095.jpg
q-002205	zolotaya-balka-zb-frizzante-semi-dry-rose-risling-rozovoe-polusuhoe-10/03_conf095.jpg
q-002206	zolotaya-balka-zb-moscato-semi-sweet-rose-muskat-yantarnyy-rozovoe-polusladkoe-9/01_conf099.jpg
q-002207	zolotaya-balka-zb-moscato-semi-sweet-rose-muskat-yantarnyy-rozovoe-polusladkoe-9/02_conf095.jpg
q-002208	zolotaya-balka-zb-moscato-semi-sweet-rose-muskat-yantarnyy-rozovoe-polusladkoe-9/03_conf095.jpg
q-002209	zolotaya-balka-zb-spumante-brut-risling-beloe-bryut-125/01_conf095.jpg
q-002210	zolotaya-balka-zb-spumante-brut-risling-beloe-bryut-125/02_conf090.jpg
q-002211	zolotaya-balka-zb-spumante-semi-dry-risling-beloe-polusuhoe-125/01_conf100.jpg
q-002212	zolotaya-balka-zb-spumante-semi-dry-risling-beloe-polusuhoe-125/02_conf098.jpg
q-002213	zolotaya-balka-zb-spumante-semi-dry-risling-beloe-polusuhoe-125/03_conf095.jpg
q-002214	zolotaya-balka-zb-wine-riesling-risling-beloe-polusuhoe-115/01_conf095.jpg
q-002215	zolotaya-balka-zb-wine-riesling-risling-beloe-polusuhoe-115/02_conf095.jpg
q-002216	zolotaya-balka-zb-wine-riesling-risling-beloe-polusuhoe-115/03_conf065.jpg
q-002217	zolotoe-pole-kaffa-kaberne-sovinon-krasnoe-suhoe-125/01_agent.jpg
q-002218	zolotoe-pole-kaffa-malbek-krasnoe-suhoe-125/02_manual.jpg
q-002219	zolotoe-pole-kaffa-moskato-dzhallo-moskato-dzhallo-beloe-suhoe-135/02_manual.jpg
q-002220	zolotoe-pole-kaffa-saperavi-krasnoe-suhoe-14/01_conf095.jpg
q-002221	zolotoe-pole-kaffa-saperavi-krasnoe-suhoe-14/02_manual.jpg
q-002222	zolotoe-pole-kaffa-saperavi-krasnoe-suhoe-14/04_manual.webp
q-002223	zolotoe-pole-kaffa-saperavi-krasnoe-suhoe-14/06_manual.jpg
q-002224	zolotoe-pole-kaffa-saperavi-krasnoe-suhoe-14/07_manual.jpg
q-002225	zolotoe-pole-kaffa-saperavi-krasnoe-suhoe-14/08_manual.jpg
q-002226	zolotoe-pole-kaffa-saperavi-krasnoe-suhoe-14/09_manual.jpg
q-002227	zolotoe-pole-legend-of-crimea-cabernet-sauvignon-kaberne-sovinon-krasnoe-suhoe-125/01_manual.jpg
q-002228	zolotoe-pole-legend-of-crimea-chardonnay-shardone-beloe-suhoe-13/01_manual.jpg
